"citation_key","title","authors","year","venue","doi_or_arxiv","primary_source","verification_status","dataset","task","annotation_error_type","evaluation_protocol","main_relevance","limitations","difference_from_this_project"
"schuiveling2025puma","A novel dataset for nuclei and tissue segmentation in melanoma with baseline nuclei segmentation and tissue segmentation benchmarks","Mark Schuiveling; Hong Liu; Daniel Eek; Gerben E. Breimer; Karijn P. M. Suijkerbuijk; Willeke A. M. Blokx; Mitko Veta","2025","GigaScience 14, article giaf011","DOI 10.1093/gigascience/giaf011","https://academic.oup.com/gigascience/article/doi/10.1093/gigascience/giaf011/8024182","Verified Oxford Academic, PubMed and official challenge records on 2026-08-21","PUMA melanoma ROIs with nucleus and tissue annotations","Nucleus and tissue segmentation dataset and challenge benchmarks","Final expert-checked annotations; no stable paired natural pre/post correction endpoint","Dataset construction and segmentation/classification baselines","Primary provenance for the frozen AANCA PUMA new-source controlled confirmation","Single source family; final reference labels are not guaranteed biological truth or paired natural error evidence","Provides the new image source; AANCA separately evaluates group-safe controlled annotation auditing and downstream intervention"
"gamper2019pannuke","PanNuke: An Open Pan-Cancer Histology Dataset for Nuclei Instance Segmentation and Classification","Jevgenij Gamper; Navid Alemi Koohbanani; Ksenija Benet; Ali Khuram; Nasir Rajpoot","2019","Digital Pathology, LNCS 11435 (ECDP 2019), pp. 11-19","DOI 10.1007/978-3-030-23937-4_2","https://link.springer.com/chapter/10.1007/978-3-030-23937-4_2","Verified publisher record; reported counts are original-stage counts, not assumed release truth","PanNuke original stage; 19 tissue types","Nucleus instance segmentation and classification dataset construction and baselines","Semi-automatic labels followed by expert validation; not an error benchmark","Dataset construction and nucleus segmentation/classification evaluation","Primary provenance for PanNuke and its annotation workflow","Original-stage counts differ from the extension description; current release files and metadata not verified by the paper alone","Provides the dataset; does not rank potentially inconsistent labels with group-safe OOF evidence or review-budget restoration"
"gamper2020pannukeextension","PanNuke Dataset Extension, Insights and Baselines","Jevgenij Gamper; Navid Alemi Koohbanani; Ksenija Benes; Simon Graham; Mostafa Jahanifar; Syed Ali Khurram; Ayesha Azam; Katherine Hewitt; Nasir Rajpoot","2020","arXiv preprint","arXiv 2003.10778","https://arxiv.org/abs/2003.10778","Verified arXiv record; no separate peer-reviewed venue or venue DOI verified","PanNuke extension; five positive classes; 19 tissue types","Nucleus segmentation and classification dataset extension, statistics, and baselines","Semi-automatic annotations with clinical-pathologist quality control; not a controlled error audit","Descriptive dataset analysis and model baselines; full text reports 481 fields and 189,744 nuclei","Primary source for extended dataset and five-class framing","Preprint; release counts/arrays/folds/current download and stronger source identifiers still require file inspection","Does not evaluate label-risk rankings, group-safe OOF review efficiency, or restoration"
"northcutt2021confidentlearning","Confident Learning: Estimating Uncertainty in Dataset Labels","Curtis G. Northcutt; Lu Jiang; Isaac L. Chuang","2021","Journal of Artificial Intelligence Research 70, pp. 1373-1411","DOI 10.1613/jair.1.12125; arXiv 1911.00068","https://www.jair.org/index.php/jair/article/view/12125","Verified journal and Crossref record","Multiple benchmark datasets across modalities","Estimate label-noise joint distribution and identify label issues","Primarily class-conditional label-noise formulation","Counting, pruning, and ranking using predicted class probabilities","Core algorithmic prior art for label-quality auditing","Assumptions can be violated by instance- and group-dependent histopathology errors; flags are not medical truth","General estimator; this project adds source-group-safe OOF generation, nucleus features, controlled mechanisms, fixed budgets, and restoration"
"cleanlab2026docs","Cleanlab Documentation: Stable Release","Cleanlab Inc.","2026","Official software documentation, version 2.7.1 on search date","Version 2.7.1; no DOI","https://docs.cleanlab.ai/stable/","Verified official documentation on 2026-07-17; local Cleanlab 2.9.0 passed functional get_label_quality_scores and find_label_issues calls on saved group-safe OOF probabilities","User-supplied labels and predicted class probabilities","Find and rank label issues","Depends on estimator and probabilities; not a pathology error ontology","find_label_issues and get_label_quality_scores; lower documented quality means more suspicious","Exact current API semantics; supports passing externally generated OOF probabilities","Stable web docs resolved to 2.7.1 while the runtime is 2.9.0; the functional API passed locally, but ordinary CV does not itself prove source-group separation","Project must generate group-safe OOF probabilities, preserve raw quality, and transform risk as 1 minus quality"
"goswami2023aqua","AQuA: A Benchmarking Tool for Label Quality Assessment","Mononito Goswami; Vedant Sanil; Arjun Choudhry; Arvind Srinivasan; Chalisa Udompanyawit; Artur Dubrawski","2023","NeurIPS 2023 Datasets and Benchmarks Track","arXiv 2306.09467; no venue DOI verified","https://papers.nips.cc/paper_files/paper/2023/hash/fc20ea8d104cab737a5561096f9bde9b-Abstract-Datasets_and_Benchmarks.html","Verified official proceedings and arXiv records","17 datasets spanning image, text, time-series, and tabular data","Benchmark label-quality assessment methods","Seven settings including uniform, asymmetric, class-dependent, instance-dependent, and multi-annotator noise","Compares several methods using AP, ROC-AUC, precision, recall, F1, accuracy, and error measures","Benchmark-design precedent and evidence that rankings depend on modality/noise/metric","Not pathology- or nucleus-specific; no source-patch-safe OOF protocol identified; synthetic noise may not reflect natural noise","Project narrows to nuclei, enforces group-safe OOF, tests equal review budgets/restoration, and separates controlled from external evidence"
"galvezjimenez2024imperfectannotations","Impact of Imperfect Annotations on CNN Training and Performance for Instance Segmentation and Classification in Digital Pathology","Laura Gálvez Jiménez; Christine Decaestecker","2024","Computers in Biology and Medicine 177, 108586","DOI 10.1016/j.compbiomed.2024.108586; arXiv 2410.14365","https://www.sciencedirect.com/science/article/pii/S0010482524006711","Verified publisher and Crossref record","Simplified PanNuke and MoNuSAC","Measure effects of imperfect annotations on HoVer-Net training and performance","Controlled detection, contour/segmentation, and classification annotation imperfections","Train/evaluate under annotation perturbations; examine clean validation and pretraining","Closest dataset-adjacent evidence that annotation imperfections matter","Not an audit ranking study; mixes error types; operational clean reference is not guaranteed biological truth","Project audits class labels of already segmented instances and evaluates AP/lift plus equal-budget restoration"
"dedieu2024labelnoiseresilient","Contrastive-Based Deep Embeddings for Label Noise-Resilient Histopathology Image Classification","Lucas Dedieu; Nicolas Nerrienet; Adrien Nivaggioli; Clara Simmat; Marceau Clavel; Arnaud Gauthier; Stéphane Sockeel; Rémy Peyret","2024","arXiv preprint","arXiv 2404.07605","https://arxiv.org/abs/2404.07605","Verified arXiv record; no separate peer-reviewed venue or venue DOI verified","NCT-CRC-HE-100K; PatchCamelyon; BACH; MHIST; LC25000; GasHisSDB","Histopathology patch classification under label noise using frozen embeddings","Synthetic uniform and asymmetric label noise","Compare contrastive and non-contrastive frozen representations and noise-resilient methods across six datasets","Direct support for testing pathology/self-supervised representations under label noise","Synthetic noise only; patch-level not nucleus-level; smaller datasets less stable; does not identify individual bad labels","Supports H6 as a hypothesis but does not provide group-safe OOF ranking or review/restoration evaluation"
"groeger2026cleanpatrick","CleanPatrick: A Benchmark for Image Data Cleaning","Fabian Gröger; Simone Lionetti; Philippe Gottfrois; Alvaro Gonzalez-Jimenez; Ludovic Amruthalingam; Elisabeth Victoria Goessinger; Hanna Lindemann; Marie Bargiela; Marie Hofbauer; Omar Badri; Philipp Tschandl; Arash Koochek; Matthew Groh; Alexander A. Navarini; Marc Pouly","2026","Accepted at Journal of Data-centric Machine Learning Research according to arXiv v2","arXiv 2505.11034; no venue DOI/volume/pages verified","https://arxiv.org/abs/2505.11034","Verified arXiv v2 and stated DMLR acceptance; incomplete final venue metadata","Fitzpatrick17k dermatology images; 496,377 binary judgements from 933 medical crowd workers","Rank real-world off-topic images, near-duplicates, and label issues","Naturally occurring content, duplicate, and label-quality issues with crowd and expert review","Ranking benchmark using AP, AUROC, precision/recall at k, and review-budget-oriented comparisons","Direct evidence for the synthetic-to-real cleaning gap and audit-oriented evaluation","Dermatology photographs, not H&E nuclei; binary judgements and issue ontology differ; numerical results are not transferable","Project uses controlled five-class nucleus corruption first, then explicitly separate natural/external validation"
"amgad2022nucls","NuCLS: A Scalable Crowdsourcing Approach and Dataset for Nucleus Classification and Segmentation in Breast Cancer","Mohamed Amgad; Lamees A. Atteya; Hagar Hussein; Kareem Hosny Mohammed; Ehab Hafiz; Maha A. T. Elsebaie; Ahmed M. Alhusseiny; Mohamed Atef AlMoslemany; Abdelmagid M. Elmatboly; Philip A. Pappalardo; Rokia Adel Sakr; Pooya Mobadersany; Ahmad Rachid; Anas M. Saad; Ahmad M. Alkashash; Inas A. Ruhban; Anas Alrefai; Nada M. Elgazar; Ali Abdulkarim; Abo-Alela Farag; Amira Etman; Ahmed G. Elsaeed; Yahya Alagha; Yomna A. Amer; Ahmed M. Raslan; Menatalla K. Nadim; Mai A. T. Elsebaie; Ahmed Ayad; Liza E. Hanna; Ahmed Gadallah; Mohamed Elkady; Bradley Drumheller; David Jaye; David Manthey; David A. Gutman; Habiba Elfandy; Lee A. D. Cooper","2022","GigaScience 11, giac037","DOI 10.1093/gigascience/giac037","https://academic.oup.com/gigascience/article/doi/10.1093/gigascience/giac037/6586817","Verified publisher and Crossref record","Breast-cancer nuclei from TCGA; 222,396 annotations; single- and multi-rater regions","Crowdsourced nucleus classification/segmentation and truth inference","Inter-rater disagreement, annotator variation, and suggestion-assisted annotations","32 non-pathologists and 7 pathologists; single/multi-rater evaluation and aggregation","Strong candidate for external multi-rater validation of risk versus disagreement/consensus","Breast-only taxonomy/workflow; PanNuke class mapping unresolved; consensus is not guaranteed biological truth","External evidence rather than injected-noise recovery; needs separate endpoint, mapping, and resampling plan"
"chen2024uni","Towards a General-Purpose Foundation Model for Computational Pathology","Richard J. Chen; Tong Ding; Ming Y. Lu; Drew F. K. Williamson; Guillaume Jaume; Andrew H. Song; Bowen Chen; Andrew Zhang; Daniel Shao; Muhammad Shaban; Mane Williams; Lukas Oldenburg; Luca L. Weishaupt; Judy J. Wang; Anurag Vaidya; Long Phi Le; Georg Gerber; Sharifa Sahai; Walt Williams; Faisal Mahmood","2024","Nature Medicine 30(3), pp. 850-862","DOI 10.1038/s41591-024-02857-3","https://www.nature.com/articles/s41591-024-02857-3","Verified publisher and Crossref record","Large-scale histopathology pretraining and diverse downstream datasets","General-purpose computational-pathology representation learning","No annotation-error mechanism evaluated","Frozen/fine-tuned evaluations across diverse pathology tasks","Primary publication for UNI as a pathology encoder candidate","Gated/non-commercial access conditions and large-model cost; no direct nucleus label-audit evaluation","Potential frozen feature space only; project evaluates group-safe label-risk ranking rather than general downstream performance"
"lu2024conch","A Visual-Language Foundation Model for Computational Pathology","Ming Y. Lu; Bowen Chen; Drew F. K. Williamson; Richard J. Chen; Ivy Liang; Tong Ding; Guillaume Jaume; Igor Odintsov; Long Phi Le; Georg Gerber; Anil V. Parwani; Andrew Zhang; Faisal Mahmood","2024","Nature Medicine 30(3), pp. 863-874","DOI 10.1038/s41591-024-02856-4","https://www.nature.com/articles/s41591-024-02856-4","Verified publisher and Crossref record","Histopathology image-text and downstream pathology datasets","Vision-language pathology representation and zero/few-shot transfer","No annotation-error mechanism evaluated","Multi-task pathology evaluation with image-language representations","Current pathology feature-source landscape","Language alignment may not help pure nucleus crops; access/compute and preprocessing must be pinned","Project needs fixed nucleus embeddings and OOF audit scores, not language-driven pathology prediction"
"vorontsov2024virchow","A Foundation Model for Clinical-Grade Computational Pathology and Rare Cancers Detection","Eugene Vorontsov; Alican Bozkurt; Adam Casson; George Shaikovski; Michal Zelechowski; Kristen Severson; Eric Zimmermann; James Hall; Neil Tenenholtz; Nicolo Fusi; Ellen Yang; Philippe Mathieu; Alexander van Eck; Donghun Lee; Julian Viret; Eric Robert; Yi Kan Wang; Jeremy D. Kunz; Matthew C. H. Lee; Jan H. Bernhard; Ran A. Godrich; Gerard Oakley; Ewan Millar; Matthew Hanna; Hannah Wen; Juan A. Retamero; William A. Moye; Razik Yousfi; Christopher Kanan; David S. Klimstra; Brandon Rothrock; Siqi Liu; Thomas J. Fuchs","2024","Nature Medicine 30(10), pp. 2924-2935","DOI 10.1038/s41591-024-03141-0","https://www.nature.com/articles/s41591-024-03141-0","Verified publisher and Crossref record","1.5 million whole-slide images and multiple pathology tasks","Large-scale DINOv2 pathology foundation model evaluation","No annotation-error mechanism evaluated","Tile-level and clinical downstream benchmarking including rare cancers","Primary publication for Virchow as a current pathology representation","632M-parameter model, gated access and substantial throughput/memory cost; not a label-audit study","Only a candidate frozen feature extractor; project evaluates instance-level annotation review utility"
"zimmermann2024virchow2","Virchow2: Scaling Self-Supervised Mixed Magnification Models in Pathology","Eric Zimmermann; Eugene Vorontsov; Julian Viret; Adam Casson; Michal Zelechowski; George Shaikovski; Neil Tenenholtz; James Hall; David Klimstra; Razik Yousfi; Thomas Fuchs; Nicolo Fusi; Siqi Liu; Kristen Severson","2024","arXiv preprint","arXiv 2408.00738","https://arxiv.org/abs/2408.00738","Verified arXiv record; no separate peer-reviewed venue or venue DOI verified","3.1 million histopathology whole-slide images; 12 tile-level tasks","Mixed-magnification pathology self-supervised feature learning","No annotation-error mechanism evaluated","Compare model/data scaling and pathology-specific DINOv2 modifications on tile tasks","Current scaled pathology encoder candidate","Preprint; gated/non-commercial model access and 632M-parameter compute burden for released Virchow2","Does not audit labels; frozen comparison is contingent on legal access and 12-GB hardware feasibility"
"xu2024gigapath","A Whole-Slide Foundation Model for Digital Pathology from Real-World Data","Hanwen Xu; Naoto Usuyama; Jaspreet Bagga; Sheng Zhang; Rajesh Rao; Tristan Naumann; Cliff Wong; Zelalem Gero; Javier González; Yu Gu; Yanbo Xu; Mu Wei; Wenhui Wang; Shuming Ma; Furu Wei; Jianwei Yang; Chunyuan Li; Jianfeng Gao; Jaylen Rosemon; Tucker Bower; Soohee Lee; Roshanthi Weerasinghe; Bill J. Wright; Ari Robicsek; Brian Piening; Carlo Bifulco; Sheng Wang; Hoifung Poon","2024","Nature 630(8015), pp. 181-188","DOI 10.1038/s41586-024-07441-w","https://www.nature.com/articles/s41586-024-07441-w","Verified publisher and Crossref record","1.3 billion 256-pixel tiles from 171,189 whole-slide images and downstream tasks","Tile and whole-slide pathology foundation modelling","No annotation-error mechanism evaluated","DINOv2 tile encoder plus long-context slide encoder evaluated on multiple pathology tasks","Broad current pathology encoder landscape","Large ViT-G/14 and slide model exceed nucleus-crop needs; access/licence/preprocessing require runtime verification","Project only needs frozen nucleus-crop embeddings and does not evaluate slide-level prediction"
"wang2022ctranspath","Transformer-Based Unsupervised Contrastive Learning for Histopathological Image Classification","Xiyue Wang; Sen Yang; Jun Zhang; Minghui Wang; Jing Zhang; Wei Yang; Junzhou Huang; Xiao Han","2022","Medical Image Analysis 81, 102559","DOI 10.1016/j.media.2022.102559","https://doi.org/10.1016/j.media.2022.102559","Verified Crossref journal record","Histopathology pretraining and downstream classification datasets","Pathology-specific contrastive representation learning","No annotation-error mechanism evaluated","Transfer/linear evaluation of a Swin-based pathology encoder","Relatively practical pathology-aligned frozen encoder candidate","Weight source, preprocessing, dependency compatibility, and usage terms must be pinned; not a label-audit paper","Provides features only; project tests group-safe OOF risk rankings and restoration"
"filiot2023phikon","Scaling Self-Supervised Learning for Histopathology with Masked Image Modeling","Alexandre Filiot; Ridouane Ghermi; Antoine Olivier; Paul Jacob; Lucas Fidon; Alice Mac Kain; Charlie Saillard; Jean-Baptiste Schiratti","2023","medRxiv preprint","DOI 10.1101/2023.07.21.23292757","https://www.medrxiv.org/content/10.1101/2023.07.21.23292757v2","Verified primary preprint record; not peer reviewed","More than 40 million histopathology tiles and multiple downstream tasks","Scale masked-image-modelled pathology representation learning","No annotation-error mechanism evaluated","Evaluate ViT-B/iBOT features across pathology tasks","Hardware-plausible pathology frozen encoder candidate","Preprint; exact model release, preprocessing, and current terms must be pinned","Potential feature extractor only; no inconsistent-label ranking or restoration"
"filiot2024phikonv2","Phikon-v2, A Large and Public Feature Extractor for Biomarker Prediction","Alexandre Filiot; Paul Jacob; Alice Mac Kain; Charlie Saillard","2024","arXiv preprint","arXiv 2409.09173","https://arxiv.org/abs/2409.09173","Verified arXiv record; no separate peer-reviewed venue or venue DOI verified","PANCAN-XL, approximately 460 million tiles from more than 60,000 whole-slide images; external biomarker tasks","Scaled DINOv2 pathology feature extraction for biomarker prediction","No annotation-error mechanism evaluated","Eight slide-level tasks with external cohorts and comparisons to 14 feature extractors","Current publicly documented ViT-L pathology feature candidate","Preprint; non-commercial model terms; slide-biomarker ranking may not predict nucleus-audit utility","Project requires nucleus-level group-safe OOF auditing and empirical representation comparison"
"kang2023pathologyssl","Benchmarking Self-Supervised Learning on Diverse Pathology Datasets","Mingu Kang; Heon Song; Seonwook Park; Donggeun Yoo; Sérgio Pereira","2023","IEEE/CVF CVPR 2023, pp. 3344-3354","DOI 10.1109/CVPR52729.2023.00326; arXiv 2212.04690","https://openaccess.thecvf.com/content/CVPR2023/html/Kang_Benchmarking_Self-Supervised_Learning_on_Diverse_Pathology_Datasets_CVPR_2023_paper.html","Verified official CVF and Crossref records","Multiple pathology datasets including CoNSeP downstream nucleus instance segmentation","Benchmark MoCo v2, SwAV, Barlow Twins, DINO, and pathology pretraining","No annotation-error mechanism evaluated","Frozen/fine-tuned comparisons on diverse pathology tasks","Evidence that domain-aligned SSL can help and model ordering is task-dependent","Not PanNuke label auditing; downstream performance is not audit-ranking performance","Representation prior art only; project tests OOF annotation risk and equal-budget restoration"
"oquab2024dinov2","DINOv2: Learning Robust Visual Features without Supervision","Maxime Oquab; Timothée Darcet; Théo Moutakanni; Huy Vo; Marc Szafraniec; Vasil Khalidov; Pierre Fernandez; Daniel Haziza; Francisco Massa; Alaaeldin El-Nouby; Mahmoud Assran; Nicolas Ballas; Wojciech Galuba; Russell Howes; Po-Yao Huang; Shang-Wen Li; Ishan Misra; Michael Rabbat; Vasu Sharma; Gabriel Synnaeve; Hu Xu; Hervé Jégou; Julien Mairal; Patrick Labatut; Armand Joulin; Piotr Bojanowski","2024","Transactions on Machine Learning Research","arXiv 2304.07193; no venue DOI verified","https://arxiv.org/abs/2304.07193","Verified arXiv authors/version and TMLR acceptance; no venue DOI verified","Large curated natural-image pretraining corpus and broad visual benchmarks","General-purpose self-supervised visual representation learning","No annotation-error mechanism evaluated","Frozen and transfer evaluation across image- and pixel-level tasks","Ungated general SSL comparator with multiple model sizes","Natural-image rather than histopathology pretraining; broad representation quality may not predict nucleus-audit ranking","Feature comparator only; project enforces source-group OOF and pathology-specific review metrics"
"horst2024cellvit","CellViT: Vision Transformers for Precise Cell Segmentation and Classification","Fabian Hörst; Moritz Rempe; Lukas Heine; Constantin Seibold; Julius Keyl; Giulia Baldini; Selma Ugurel; Jens Siveke; Barbara Grünwald; Jan Egger; Jens Kleesiek","2024","Medical Image Analysis 94, 103143","DOI 10.1016/j.media.2024.103143; arXiv 2306.15350","https://pubmed.ncbi.nlm.nih.gov/38507894/","Verified PubMed and Crossref journal record","PanNuke and other cell datasets","Cell segmentation and classification with pretrained vision transformers","Does not frame annotation-error detection","End-to-end CellViT comparisons for precise cell segmentation/classification","Direct nucleus-task architecture and target-delineation context","Segmenter/classifier rather than fixed label-audit representation; training from scratch is out of scope","Project assumes existing instance masks and audits class labels rather than developing a segmentation architecture"
"campanella2025clinicalbenchmark","A Clinical Benchmark of Public Self-Supervised Pathology Foundation Models","Gabriele Campanella; Shengjia Chen; Manbir Singh; Ruchika Verma; Silke Muehlstedt; Jennifer Zeng; Aryeh Stock; Matt Croken; Brandon Veremis; Abdulkadir Elmas; Ivan Shujski; Noora Neittaanmäki; Kuan-lin Huang; Ricky Kwan; Jane Houldsworth; Adam J. Schoenfeld; Chad Vanderbilt","2025","Nature Communications 16(1), article 3640","DOI 10.1038/s41467-025-58796-1","https://www.nature.com/articles/s41467-025-58796-1","Verified publisher and Crossref record","Multiple clinical pathology datasets/tasks","Independent benchmark of public self-supervised pathology foundation models","No annotation-error mechanism evaluated","Compare frozen/public pathology encoders, clinical tasks, and accuracy-throughput trade-offs","Current independent landscape evidence; warns against assuming one universal best encoder","Clinical/slide tasks differ from nucleus audit ranking and may have pretraining-overlap/access constraints","Informs feasibility and comparison design but does not answer H6 for PanNuke auditing"
