fold_id,patch_index,class_index,class_name,instance_id,total_instance_pixels,cross_class_overlap_pixels,overlapping_instance_keys
1,81,0,neoplastic,218,4015,2,2:1
1,81,2,connective_soft_tissue,1,401,2,0:218
1,86,1,inflammatory,437,119,7,4:440
1,86,4,non_neoplastic_epithelial,440,240,7,1:437
1,119,0,neoplastic,280,810,1,1:307
1,119,0,neoplastic,406,1251,10,1:389
1,119,0,neoplastic,439,220,2,1:432
1,119,1,inflammatory,307,629,1,0:280
1,119,1,inflammatory,389,691,10,0:406
1,119,1,inflammatory,432,343,2,0:439
1,122,0,neoplastic,550,1806,13,2:566
1,122,2,connective_soft_tissue,566,966,13,0:550
1,129,1,inflammatory,233,159,1,2:239
1,129,2,connective_soft_tissue,239,206,1,1:233
1,185,1,inflammatory,396,230,2,2:375
1,185,2,connective_soft_tissue,375,289,2,1:396
1,228,1,inflammatory,137,322,5,2:134
1,228,2,connective_soft_tissue,134,238,5,1:137
1,232,1,inflammatory,174,427,2,4:186
1,232,1,inflammatory,218,609,7,4:210
1,232,4,non_neoplastic_epithelial,186,353,2,1:174
1,232,4,non_neoplastic_epithelial,210,218,7,1:218
1,246,1,inflammatory,85,354,1,4:88
1,246,4,non_neoplastic_epithelial,88,319,1,1:85
1,248,1,inflammatory,210,317,14,4:213
1,248,1,inflammatory,247,253,8,4:233
1,248,4,non_neoplastic_epithelial,213,482,14,1:210
1,248,4,non_neoplastic_epithelial,233,259,8,1:247
1,261,0,neoplastic,60,1736,5,1:70
1,261,1,inflammatory,70,244,5,0:60
1,271,1,inflammatory,240,305,2,2:230
1,271,1,inflammatory,375,224,14,2:373
1,271,2,connective_soft_tissue,230,1323,2,1:240
1,271,2,connective_soft_tissue,373,303,14,1:375
1,282,1,inflammatory,276,183,1,2:222
1,282,2,connective_soft_tissue,222,591,1,1:276
1,326,0,neoplastic,188,583,2,1:190
1,326,1,inflammatory,190,476,2,0:188
1,331,0,neoplastic,159,170,2,2:167
1,331,2,connective_soft_tissue,167,535,2,0:159
1,333,0,neoplastic,291,810,12,2:298
1,333,2,connective_soft_tissue,298,386,12,0:291
1,386,1,inflammatory,298,169,13,2:292
1,386,1,inflammatory,412,229,4,2:424
1,386,2,connective_soft_tissue,292,399,13,1:298
1,386,2,connective_soft_tissue,424,320,4,1:412
1,467,0,neoplastic,110,659,4,1:112
1,467,1,inflammatory,112,566,4,0:110
1,527,0,neoplastic,198,1374,6,2:200
1,527,0,neoplastic,206,1024,3,2:200
1,527,2,connective_soft_tissue,200,666,9,0:198;0:206
1,528,0,neoplastic,193,594,10,1:384
1,528,0,neoplastic,201,503,12,1:384
1,528,1,inflammatory,384,427,22,0:193;0:201
1,533,0,neoplastic,40,449,11,2:46
1,533,2,connective_soft_tissue,46,829,11,0:40
1,534,0,neoplastic,32,757,14,2:421
1,534,2,connective_soft_tissue,421,628,14,0:32
1,550,0,neoplastic,17,1026,1,1:351
1,550,1,inflammatory,351,195,1,0:17
1,556,0,neoplastic,47,855,2,2:66
1,556,0,neoplastic,91,635,10,1:92
1,556,1,inflammatory,92,462,10,0:91
1,556,2,connective_soft_tissue,66,569,2,0:47
1,578,0,neoplastic,157,613,1,2:150
1,578,2,connective_soft_tissue,150,352,1,0:157
1,623,1,inflammatory,292,195,9,4:295
1,623,4,non_neoplastic_epithelial,295,235,9,1:292
1,652,0,neoplastic,166,496,9,2:167
1,652,2,connective_soft_tissue,167,872,9,0:166
1,663,1,inflammatory,62,352,1,2:68
1,663,2,connective_soft_tissue,68,581,1,1:62
1,686,0,neoplastic,77,1967,1,1:73
1,686,1,inflammatory,12,418,5,2:14
1,686,1,inflammatory,73,256,1,0:77
1,686,2,connective_soft_tissue,14,703,5,1:12
1,738,1,inflammatory,11,215,2,2:12
1,738,2,connective_soft_tissue,12,408,2,1:11
1,741,0,neoplastic,260,155,4,2:253
1,741,2,connective_soft_tissue,253,190,4,0:260
1,743,0,neoplastic,337,450,3,2:340
1,743,2,connective_soft_tissue,340,539,3,0:337
1,744,1,inflammatory,274,244,2,2:266
1,744,2,connective_soft_tissue,266,279,2,1:274
1,751,1,inflammatory,60,313,1,2:50
1,751,2,connective_soft_tissue,50,447,1,1:60
1,754,0,neoplastic,46,749,6,2:45
1,754,2,connective_soft_tissue,45,333,6,0:46
1,766,0,neoplastic,166,353,1,1:158
1,766,1,inflammatory,158,533,1,0:166
1,769,0,neoplastic,265,245,2,1:271
1,769,1,inflammatory,271,210,2,0:265
1,786,0,neoplastic,179,287,10,2:188
1,786,0,neoplastic,222,290,1,1:209
1,786,1,inflammatory,209,511,1,0:222
1,786,2,connective_soft_tissue,188,163,10,0:179
1,818,1,inflammatory,1385,238,18,2:1041
1,818,2,connective_soft_tissue,1041,173,18,1:1385
1,826,1,inflammatory,436,356,4,2:407
1,826,2,connective_soft_tissue,407,296,4,1:436
1,827,1,inflammatory,821,380,2,2:825
1,827,1,inflammatory,881,211,1,2:900
1,827,2,connective_soft_tissue,825,401,2,1:821
1,827,2,connective_soft_tissue,900,529,1,1:881
1,842,1,inflammatory,47,655,2,2:40
1,842,2,connective_soft_tissue,40,556,2,1:47
1,845,1,inflammatory,388,227,1,2:370
1,845,1,inflammatory,456,385,3,2:443
1,845,1,inflammatory,477,245,3,2:466
1,845,2,connective_soft_tissue,370,339,1,1:388
1,845,2,connective_soft_tissue,443,443,3,1:456
1,845,2,connective_soft_tissue,466,265,3,1:477
1,866,1,inflammatory,175,268,1,2:182
1,866,2,connective_soft_tissue,182,571,1,1:175
1,879,0,neoplastic,24,787,3,2:27
1,879,2,connective_soft_tissue,27,552,3,0:24
1,883,0,neoplastic,284,531,2,2:275
1,883,2,connective_soft_tissue,275,594,2,0:284
1,890,0,neoplastic,103,770,4,2:120
1,890,2,connective_soft_tissue,120,424,4,0:103
1,893,0,neoplastic,22,1131,5,2:43
1,893,2,connective_soft_tissue,43,466,5,0:22
1,906,0,neoplastic,304,1168,8,2:292
1,906,2,connective_soft_tissue,292,328,8,0:304
1,910,0,neoplastic,161,669,3,2:174
1,910,2,connective_soft_tissue,174,839,3,0:161
1,934,0,neoplastic,123,538,4,2:119
1,934,2,connective_soft_tissue,119,388,4,0:123
1,944,0,neoplastic,17,699,4,1:10
1,944,1,inflammatory,10,388,4,0:17
1,966,1,inflammatory,260,37,1,2:236
1,966,2,connective_soft_tissue,236,799,1,1:260
1,985,0,neoplastic,1002,253,2,1:1023
1,985,1,inflammatory,1023,221,2,0:1002
1,1018,1,inflammatory,46,413,5,2:50
1,1018,2,connective_soft_tissue,50,478,5,1:46
1,1027,0,neoplastic,855,57,1,3:863
1,1027,3,dead,863,92,1,0:855
1,1030,0,neoplastic,1216,201,6,3:1218
1,1030,3,dead,1218,98,6,0:1216
1,1031,0,neoplastic,1292,320,7,3:1318;3:1330
1,1031,3,dead,1318,235,4,0:1292
1,1031,3,dead,1330,85,3,0:1292
1,1035,2,connective_soft_tissue,2382,151,1,3:2371
1,1035,3,dead,2371,217,1,2:2382
1,1061,1,inflammatory,925,63,2,2:911
1,1061,1,inflammatory,1140,46,1,2:1168
1,1061,2,connective_soft_tissue,911,35,2,1:925
1,1061,2,connective_soft_tissue,1168,74,1,1:1140
1,1062,1,inflammatory,897,65,4,2:856
1,1062,1,inflammatory,903,57,4,2:850
1,1062,1,inflammatory,936,176,1,2:913
1,1062,2,connective_soft_tissue,850,110,4,1:903
1,1062,2,connective_soft_tissue,856,87,4,1:897
1,1062,2,connective_soft_tissue,913,68,1,1:936
1,1063,1,inflammatory,717,92,3,2:705
1,1063,2,connective_soft_tissue,705,165,3,1:717
1,1070,1,inflammatory,900,57,1,2:901
1,1070,2,connective_soft_tissue,901,223,1,1:900
1,1073,1,inflammatory,328,441,2,2:316
1,1073,2,connective_soft_tissue,316,801,2,1:328
1,1096,2,connective_soft_tissue,36,371,12,4:40
1,1096,4,non_neoplastic_epithelial,40,525,12,2:36
1,1133,0,neoplastic,64,705,8,2:72
1,1133,2,connective_soft_tissue,72,704,8,0:64
1,1144,0,neoplastic,1023,95,6,2:1047
1,1144,2,connective_soft_tissue,1047,152,6,0:1023
1,1146,0,neoplastic,1395,794,9,2:1420
1,1146,2,connective_soft_tissue,1420,464,9,0:1395
1,1174,0,neoplastic,246,525,7,1:244
1,1174,1,inflammatory,244,434,7,0:246
1,1177,0,neoplastic,261,553,2,2:284
1,1177,2,connective_soft_tissue,284,166,2,0:261
1,1180,1,inflammatory,441,476,8,2:437
1,1180,2,connective_soft_tissue,437,630,8,1:441
1,1181,0,neoplastic,439,472,3,2:424
1,1181,2,connective_soft_tissue,424,589,3,0:439
1,1182,0,neoplastic,470,1367,5,2:475
1,1182,2,connective_soft_tissue,475,402,5,0:470
1,1183,0,neoplastic,708,362,3,2:718
1,1183,2,connective_soft_tissue,718,286,3,0:708
1,1187,0,neoplastic,793,740,7,2:796
1,1187,2,connective_soft_tissue,796,213,7,0:793
1,1231,0,neoplastic,358,524,9,1:355
1,1231,1,inflammatory,355,441,9,0:358
1,1245,1,inflammatory,208,377,2,2:206
1,1245,2,connective_soft_tissue,206,1076,2,1:208
1,1257,0,neoplastic,775,1115,1,2:408
1,1257,2,connective_soft_tissue,408,758,1,0:775
1,1267,1,inflammatory,374,412,5,4:384
1,1267,4,non_neoplastic_epithelial,384,523,5,1:374
1,1268,0,neoplastic,1286,655,6,4:387
1,1268,4,non_neoplastic_epithelial,387,594,6,0:1286
1,1273,2,connective_soft_tissue,723,273,1,4:722
1,1273,4,non_neoplastic_epithelial,722,426,1,2:723
1,1278,2,connective_soft_tissue,1150,677,7,4:1153
1,1278,4,non_neoplastic_epithelial,1153,457,7,2:1150
1,1280,1,inflammatory,173,339,4,2:164
1,1280,2,connective_soft_tissue,164,472,4,1:173
1,1284,1,inflammatory,55,253,2,2:51
1,1284,2,connective_soft_tissue,51,400,2,1:55
1,1321,0,neoplastic,57,1615,2,1:47
1,1321,1,inflammatory,47,269,2,0:57
1,1323,0,neoplastic,160,1488,19,1:157
1,1323,1,inflammatory,157,395,19,0:160
1,1333,1,inflammatory,643,214,2,2:651
1,1333,2,connective_soft_tissue,651,250,2,1:643
1,1355,1,inflammatory,906,210,1,2:894
1,1355,2,connective_soft_tissue,894,344,1,1:906
1,1358,1,inflammatory,1236,231,1,2:1244
1,1358,2,connective_soft_tissue,1244,554,1,1:1236
1,1365,1,inflammatory,1489,378,10,2:1472
1,1365,2,connective_soft_tissue,1472,314,10,1:1489
1,1377,0,neoplastic,218,1149,1,2:225
1,1377,0,neoplastic,260,573,1,2:269
1,1377,2,connective_soft_tissue,225,694,1,0:218
1,1377,2,connective_soft_tissue,269,256,1,0:260
1,1383,1,inflammatory,602,110,4,2:597
1,1383,2,connective_soft_tissue,597,228,4,1:602
1,1384,0,neoplastic,532,1008,4,2:544
1,1384,2,connective_soft_tissue,544,320,4,0:532
1,1391,0,neoplastic,83,646,1,2:79
1,1391,2,connective_soft_tissue,79,225,1,0:83
1,1462,0,neoplastic,126,365,3,1:115
1,1462,1,inflammatory,115,526,3,0:126
1,1477,0,neoplastic,1492,489,2,2:1506
1,1477,2,connective_soft_tissue,1506,416,2,0:1492
1,1558,0,neoplastic,119,580,2,1:113
1,1558,1,inflammatory,113,227,2,0:119
1,1560,1,inflammatory,151,396,8,2:144
1,1560,2,connective_soft_tissue,144,252,8,1:151
1,1582,1,inflammatory,126,320,7,2:128
1,1582,1,inflammatory,198,464,14,4:429
1,1582,2,connective_soft_tissue,128,636,7,1:126
1,1582,4,non_neoplastic_epithelial,429,570,14,1:198
1,1584,1,inflammatory,371,498,8,2:374
1,1584,2,connective_soft_tissue,374,626,8,1:371
1,1606,1,inflammatory,129,329,6,2:125
1,1606,2,connective_soft_tissue,125,234,6,1:129
1,1610,0,neoplastic,142,1143,6,2:146
1,1610,2,connective_soft_tissue,146,437,6,0:142
1,1611,0,neoplastic,170,507,7,2:175
1,1611,2,connective_soft_tissue,175,398,7,0:170
1,1621,1,inflammatory,81,778,2,2:97
1,1621,2,connective_soft_tissue,97,582,2,1:81
1,1622,1,inflammatory,188,362,5,2:200
1,1622,2,connective_soft_tissue,200,755,5,1:188
1,1623,1,inflammatory,177,141,1,2:183
1,1623,2,connective_soft_tissue,183,216,1,1:177
1,1625,0,neoplastic,458,1229,22,2:367
1,1625,2,connective_soft_tissue,367,395,22,0:458
1,1647,1,inflammatory,232,298,1,2:235
1,1647,2,connective_soft_tissue,235,191,1,1:232
1,1649,1,inflammatory,405,360,5,2:403
1,1649,2,connective_soft_tissue,403,565,5,1:405
1,1691,1,inflammatory,223,136,3,2:218
1,1691,2,connective_soft_tissue,218,578,3,1:223
1,1726,0,neoplastic,162,218,9,2:172
1,1726,0,neoplastic,221,276,2,2:225
1,1726,2,connective_soft_tissue,172,158,9,0:162
1,1726,2,connective_soft_tissue,225,80,2,0:221
1,1727,0,neoplastic,313,215,1,2:303
1,1727,2,connective_soft_tissue,303,147,1,0:313
1,1728,0,neoplastic,146,224,4,2:160
1,1728,0,neoplastic,199,271,1,2:195
1,1728,2,connective_soft_tissue,160,86,4,0:146
1,1728,2,connective_soft_tissue,195,124,1,0:199
1,1732,1,inflammatory,37,396,9,2:33
1,1732,2,connective_soft_tissue,33,617,9,1:37
1,1733,0,neoplastic,71,730,2,2:86
1,1733,2,connective_soft_tissue,86,344,2,0:71
1,1739,1,inflammatory,358,178,2,2:349
1,1739,2,connective_soft_tissue,349,330,2,1:358
1,1741,0,neoplastic,38,739,13,2:47;2:50
1,1741,0,neoplastic,58,904,10,2:50
1,1741,0,neoplastic,387,1698,9,2:46
1,1741,2,connective_soft_tissue,46,459,9,0:387
1,1741,2,connective_soft_tissue,47,370,2,0:38
1,1741,2,connective_soft_tissue,50,572,21,0:38;0:58
1,1742,0,neoplastic,43,1016,8,1:34
1,1742,0,neoplastic,392,394,6,1:34
1,1742,1,inflammatory,34,548,14,0:43;0:392
1,1745,0,neoplastic,240,1305,11,2:228
1,1745,2,connective_soft_tissue,228,656,11,0:240
1,1746,0,neoplastic,318,763,2,2:316
1,1746,2,connective_soft_tissue,316,487,2,0:318
1,1760,0,neoplastic,330,466,5,1:319
1,1760,1,inflammatory,319,407,5,0:330
1,1764,0,neoplastic,520,629,4,1:538
1,1764,0,neoplastic,521,386,2,1:531
1,1764,1,inflammatory,531,94,2,0:521
1,1764,1,inflammatory,538,281,4,0:520
1,1765,1,inflammatory,430,64,14,2:424
1,1765,2,connective_soft_tissue,424,197,14,1:430
1,1766,1,inflammatory,430,100,5,2:424
1,1766,2,connective_soft_tissue,424,32,5,1:430
1,1789,0,neoplastic,145,204,4,1:141
1,1789,1,inflammatory,141,270,4,0:145
1,1802,0,neoplastic,297,229,8,1:306
1,1802,1,inflammatory,306,201,8,0:297
1,1807,1,inflammatory,328,126,5,2:326
1,1807,2,connective_soft_tissue,326,118,5,1:328
1,1810,0,neoplastic,653,1389,1,1:451
1,1810,1,inflammatory,370,258,9,2:377
1,1810,1,inflammatory,451,314,1,0:653
1,1810,2,connective_soft_tissue,377,364,9,1:370
1,1812,0,neoplastic,585,508,1,1:578
1,1812,1,inflammatory,578,269,1,0:585
1,1813,0,neoplastic,531,312,5,1:522
1,1813,0,neoplastic,615,839,1,1:634
1,1813,1,inflammatory,522,597,5,0:531
1,1813,1,inflammatory,572,267,1,2:562
1,1813,1,inflammatory,634,422,1,0:615
1,1813,2,connective_soft_tissue,562,416,1,1:572
1,1823,1,inflammatory,67,519,16,2:57
1,1823,2,connective_soft_tissue,57,242,16,1:67
1,1824,1,inflammatory,107,379,17,2:102
1,1824,2,connective_soft_tissue,102,893,17,1:107
1,1828,1,inflammatory,107,799,13,2:102
1,1828,2,connective_soft_tissue,102,296,13,1:107
1,1840,2,connective_soft_tissue,666,437,9,4:663
1,1840,4,non_neoplastic_epithelial,663,2942,9,2:666
1,1848,2,connective_soft_tissue,888,791,2,4:906
1,1848,4,non_neoplastic_epithelial,906,1071,2,2:888
1,1852,1,inflammatory,858,153,10,2:52
1,1852,2,connective_soft_tissue,52,507,10,1:858
1,1854,1,inflammatory,106,676,8,4:103
1,1854,4,non_neoplastic_epithelial,103,826,8,1:106
1,1875,2,connective_soft_tissue,139,540,2,4:137
1,1875,4,non_neoplastic_epithelial,137,1992,2,2:139
1,1881,2,connective_soft_tissue,171,765,8,4:163
1,1881,4,non_neoplastic_epithelial,163,1701,8,2:171
1,1882,2,connective_soft_tissue,231,588,4,4:233
1,1882,4,non_neoplastic_epithelial,233,716,4,2:231
1,1944,1,inflammatory,710,413,2,2:701
1,1944,1,inflammatory,722,706,13,2:719
1,1944,2,connective_soft_tissue,701,677,2,1:710
1,1944,2,connective_soft_tissue,719,733,13,1:722
1,1950,1,inflammatory,122,1482,12,2:103;4:111
1,1950,2,connective_soft_tissue,103,1114,6,1:122
1,1950,4,non_neoplastic_epithelial,111,688,6,1:122
1,1958,2,connective_soft_tissue,546,491,20,4:539
1,1958,4,non_neoplastic_epithelial,539,2590,20,2:546
1,1980,1,inflammatory,10,1531,18,4:15
1,1980,4,non_neoplastic_epithelial,15,718,18,1:10
1,1982,0,neoplastic,1114,632,39,4:171
1,1982,4,non_neoplastic_epithelial,171,1683,39,0:1114
1,1984,1,inflammatory,363,802,3,4:350
1,1984,4,non_neoplastic_epithelial,350,151,3,1:363
1,1986,1,inflammatory,477,1155,8,4:482
1,1986,4,non_neoplastic_epithelial,482,684,8,1:477
1,2005,1,inflammatory,236,1826,1,2:238
1,2005,2,connective_soft_tissue,238,833,1,1:236
1,2060,0,neoplastic,168,152,2,2:165;2:170
1,2060,2,connective_soft_tissue,165,420,1,0:168
1,2060,2,connective_soft_tissue,170,544,1,0:168
1,2067,0,neoplastic,455,324,1,1:448
1,2067,1,inflammatory,448,167,1,0:455
1,2070,0,neoplastic,164,808,1,2:177
1,2070,0,neoplastic,174,499,7,2:177
1,2070,0,neoplastic,182,916,1,2:190
1,2070,2,connective_soft_tissue,177,374,8,0:164;0:174
1,2070,2,connective_soft_tissue,190,232,1,0:182
1,2077,0,neoplastic,228,863,8,2:237
1,2077,2,connective_soft_tissue,237,455,8,0:228
1,2084,1,inflammatory,164,354,2,2:168
1,2084,2,connective_soft_tissue,168,146,2,1:164
1,2086,0,neoplastic,68,16,3,2:300
1,2086,2,connective_soft_tissue,300,924,3,0:68
1,2089,0,neoplastic,295,841,17,2:269
1,2089,2,connective_soft_tissue,269,802,17,0:295
1,2118,1,inflammatory,153,188,3,2:151
1,2118,2,connective_soft_tissue,151,519,3,1:153
1,2120,1,inflammatory,362,260,1,2:374
1,2120,2,connective_soft_tissue,374,360,1,1:362
1,2199,0,neoplastic,110,1176,2,2:118
1,2199,2,connective_soft_tissue,118,530,2,0:110
1,2215,2,connective_soft_tissue,49,299,3,4:56
1,2215,4,non_neoplastic_epithelial,56,311,3,2:49
1,2234,0,neoplastic,161,864,6,2:167
1,2234,2,connective_soft_tissue,167,370,6,0:161
1,2250,0,neoplastic,86,246,4,2:80
1,2250,2,connective_soft_tissue,80,401,4,0:86
1,2296,0,neoplastic,190,286,1,2:186
1,2296,0,neoplastic,213,281,3,1:212
1,2296,1,inflammatory,212,357,3,0:213
1,2296,2,connective_soft_tissue,186,683,1,0:190
1,2299,0,neoplastic,396,505,1,1:393
1,2299,1,inflammatory,393,386,1,0:396
1,2321,0,neoplastic,43,488,7,2:39
1,2321,2,connective_soft_tissue,39,408,7,0:43
1,2340,1,inflammatory,477,168,3,2:184
1,2340,2,connective_soft_tissue,184,98,3,1:477
1,2361,2,connective_soft_tissue,143,246,1,4:133
1,2361,4,non_neoplastic_epithelial,133,284,1,2:143
1,2364,2,connective_soft_tissue,356,79,5,4:350
1,2364,4,non_neoplastic_epithelial,350,171,5,2:356
1,2413,0,neoplastic,39,245,5,1:26
1,2413,0,neoplastic,47,226,2,1:26
1,2413,0,neoplastic,76,760,6,1:93
1,2413,1,inflammatory,26,333,7,0:39;0:47
1,2413,1,inflammatory,93,707,6,0:76
1,2414,0,neoplastic,94,403,5,1:107
1,2414,0,neoplastic,145,902,10,1:147
1,2414,1,inflammatory,107,807,5,0:94
1,2414,1,inflammatory,147,896,10,0:145
1,2423,0,neoplastic,295,47,1,2:302
1,2423,2,connective_soft_tissue,302,108,1,0:295
1,2426,0,neoplastic,843,337,1,2:838
1,2426,2,connective_soft_tissue,838,66,1,0:843
1,2434,1,inflammatory,158,721,6,2:151
1,2434,1,inflammatory,272,474,2,2:266
1,2434,2,connective_soft_tissue,151,722,6,1:158
1,2434,2,connective_soft_tissue,266,584,2,1:272
1,2435,1,inflammatory,180,427,4,2:189
1,2435,2,connective_soft_tissue,189,453,4,1:180
1,2437,1,inflammatory,621,82,3,2:594
1,2437,2,connective_soft_tissue,594,431,3,1:621
1,2438,1,inflammatory,409,168,1,2:404
1,2438,2,connective_soft_tissue,404,320,1,1:409
1,2439,1,inflammatory,418,692,5,2:448
1,2439,1,inflammatory,422,748,2,2:434
1,2439,1,inflammatory,653,277,1,2:652
1,2439,2,connective_soft_tissue,434,586,2,1:422
1,2439,2,connective_soft_tissue,448,338,5,1:418
1,2439,2,connective_soft_tissue,652,393,1,1:653
1,2440,1,inflammatory,866,285,7,2:870
1,2440,2,connective_soft_tissue,870,467,7,1:866
1,2478,0,neoplastic,187,197,4,1:184
1,2478,1,inflammatory,184,367,4,0:187
1,2480,0,neoplastic,427,525,8,1:429
1,2480,1,inflammatory,429,230,8,0:427
1,2481,0,neoplastic,526,367,3,1:533
1,2481,1,inflammatory,533,548,3,0:526
1,2484,0,neoplastic,330,212,2,2:334
1,2484,0,neoplastic,361,544,5,1:365
1,2484,1,inflammatory,365,161,5,0:361
1,2484,2,connective_soft_tissue,334,369,2,0:330
1,2485,0,neoplastic,263,314,2,2:283
1,2485,2,connective_soft_tissue,283,176,2,0:263
1,2495,0,neoplastic,232,374,5,2:231
1,2495,2,connective_soft_tissue,231,327,5,0:232
1,2506,0,neoplastic,101,467,1,1:111
1,2506,1,inflammatory,111,431,1,0:101
1,2507,0,neoplastic,132,348,5,3:136
1,2507,3,dead,136,519,5,0:132
1,2511,0,neoplastic,430,400,5,2:409
1,2511,2,connective_soft_tissue,409,458,5,0:430
1,2526,1,inflammatory,75,177,5,2:961
1,2526,1,inflammatory,200,153,1,2:205
1,2526,2,connective_soft_tissue,205,214,1,1:200
1,2526,2,connective_soft_tissue,961,294,5,1:75
1,2528,0,neoplastic,718,500,1,1:720
1,2528,1,inflammatory,657,261,7,2:649
1,2528,1,inflammatory,720,563,1,0:718
1,2528,1,inflammatory,727,212,5,2:719
1,2528,2,connective_soft_tissue,649,359,7,1:657
1,2528,2,connective_soft_tissue,719,430,5,1:727
1,2545,2,connective_soft_tissue,192,336,11,4:185;4:196
1,2545,4,non_neoplastic_epithelial,185,848,2,2:192
1,2545,4,non_neoplastic_epithelial,196,920,9,2:192
1,2553,2,connective_soft_tissue,68,322,2,4:66
1,2553,4,non_neoplastic_epithelial,66,505,2,2:68
1,2558,2,connective_soft_tissue,376,504,4,4:383
1,2558,4,non_neoplastic_epithelial,383,980,4,2:376
1,2561,2,connective_soft_tissue,306,709,1,4:318
1,2561,4,non_neoplastic_epithelial,318,350,1,2:306
1,2584,0,neoplastic,273,319,8,2:260
1,2584,2,connective_soft_tissue,260,425,8,0:273
1,2587,1,inflammatory,152,278,4,2:148
1,2587,2,connective_soft_tissue,148,587,4,1:152
2,96,1,inflammatory,63,393,5,2:59
2,96,2,connective_soft_tissue,59,781,5,1:63
2,113,2,connective_soft_tissue,43,265,5,4:34
2,113,4,non_neoplastic_epithelial,34,758,5,2:43
2,178,1,inflammatory,124,312,1,2:122
2,178,2,connective_soft_tissue,122,465,1,1:124
2,178,2,connective_soft_tissue,123,100,2,4:111
2,178,4,non_neoplastic_epithelial,111,253,2,2:123
2,226,1,inflammatory,50,257,1,4:57
2,226,4,non_neoplastic_epithelial,57,282,1,1:50
2,252,0,neoplastic,217,987,1,2:210
2,252,2,connective_soft_tissue,210,472,1,0:217
2,261,0,neoplastic,175,1865,14,2:187
2,261,0,neoplastic,189,1409,11,2:187
2,261,0,neoplastic,211,1255,8,2:216
2,261,0,neoplastic,224,1705,9,2:218
2,261,2,connective_soft_tissue,187,667,25,0:175;0:189
2,261,2,connective_soft_tissue,216,864,8,0:211
2,261,2,connective_soft_tissue,218,487,9,0:224
2,273,1,inflammatory,207,465,1,2:203
2,273,2,connective_soft_tissue,203,339,1,1:207
2,291,1,inflammatory,43,279,6,4:50
2,291,4,non_neoplastic_epithelial,50,326,6,1:43
2,298,0,neoplastic,201,1459,84,4:280
2,298,4,non_neoplastic_epithelial,280,739,84,0:201
2,302,0,neoplastic,83,487,3,1:92
2,302,1,inflammatory,92,464,3,0:83
2,304,0,neoplastic,151,1142,7,1:142
2,304,1,inflammatory,142,693,7,0:151
2,314,1,inflammatory,177,399,12,2:170
2,314,2,connective_soft_tissue,170,425,12,1:177
2,397,1,inflammatory,29,329,19,2:199
2,397,2,connective_soft_tissue,199,625,19,1:29
2,400,0,neoplastic,62,594,12,2:58
2,400,2,connective_soft_tissue,58,529,12,0:62
2,419,0,neoplastic,184,2745,46,2:58
2,419,0,neoplastic,185,1114,3,2:56
2,419,1,inflammatory,60,283,5,2:61
2,419,2,connective_soft_tissue,56,839,3,0:185
2,419,2,connective_soft_tissue,58,918,46,0:184
2,419,2,connective_soft_tissue,61,375,5,1:60
2,426,0,neoplastic,100,1169,8,2:103
2,426,2,connective_soft_tissue,103,720,8,0:100
2,500,0,neoplastic,25,602,21,2:463
2,500,2,connective_soft_tissue,463,323,21,0:25
2,504,0,neoplastic,156,528,4,2:158
2,504,2,connective_soft_tissue,158,253,4,0:156
2,506,0,neoplastic,291,351,1,2:301
2,506,2,connective_soft_tissue,301,745,1,0:291
2,507,0,neoplastic,289,681,9,1:288
2,507,1,inflammatory,288,358,9,0:289
2,561,0,neoplastic,29,1158,2,2:32
2,561,2,connective_soft_tissue,32,1018,2,0:29
2,582,1,inflammatory,205,410,4,2:30
2,582,2,connective_soft_tissue,30,373,4,1:205
2,584,0,neoplastic,89,726,2,1:100
2,584,1,inflammatory,100,415,2,0:89
2,599,1,inflammatory,121,283,3,2:124
2,599,2,connective_soft_tissue,124,1466,3,1:121
2,636,1,inflammatory,76,603,1,2:78
2,636,2,connective_soft_tissue,78,463,1,1:76
2,640,1,inflammatory,246,529,7,2:250
2,640,2,connective_soft_tissue,250,424,7,1:246
2,641,1,inflammatory,254,333,9,2:255
2,641,2,connective_soft_tissue,255,445,9,1:254
2,643,1,inflammatory,260,302,4,2:269
2,643,2,connective_soft_tissue,269,284,4,1:260
2,669,1,inflammatory,453,235,9,2:409
2,669,2,connective_soft_tissue,409,387,9,1:453
2,728,1,inflammatory,556,184,3,2:520
2,728,2,connective_soft_tissue,520,610,3,1:556
2,745,1,inflammatory,152,453,5,2:153
2,745,1,inflammatory,171,458,9,2:184
2,745,1,inflammatory,230,239,4,2:228
2,745,2,connective_soft_tissue,153,162,5,1:152
2,745,2,connective_soft_tissue,184,474,9,1:171
2,745,2,connective_soft_tissue,228,232,4,1:230
2,746,1,inflammatory,41,409,9,2:64;2:65
2,746,1,inflammatory,123,247,3,2:145
2,746,2,connective_soft_tissue,64,500,7,1:41
2,746,2,connective_soft_tissue,65,437,2,1:41
2,746,2,connective_soft_tissue,145,207,3,1:123
2,747,1,inflammatory,547,382,3,2:553
2,747,2,connective_soft_tissue,553,424,3,1:547
2,762,0,neoplastic,241,281,2,2:222
2,762,2,connective_soft_tissue,222,846,2,0:241
2,770,1,inflammatory,297,203,4,2:291
2,770,2,connective_soft_tissue,291,774,4,1:297
2,774,0,neoplastic,129,1009,1,2:113
2,774,2,connective_soft_tissue,113,600,1,0:129
2,776,0,neoplastic,158,457,2,2:148
2,776,0,neoplastic,177,1234,7,2:185
2,776,1,inflammatory,171,255,3,2:168
2,776,2,connective_soft_tissue,148,576,2,0:158
2,776,2,connective_soft_tissue,168,461,3,1:171
2,776,2,connective_soft_tissue,185,914,7,0:177
2,777,1,inflammatory,400,153,1,2:394
2,777,2,connective_soft_tissue,394,164,1,1:400
2,778,0,neoplastic,7,1070,3,2:14
2,778,2,connective_soft_tissue,14,544,3,0:7
2,780,1,inflammatory,69,319,7,2:73
2,780,2,connective_soft_tissue,73,358,7,1:69
2,812,0,neoplastic,205,358,2,2:198
2,812,2,connective_soft_tissue,198,466,2,0:205
2,829,0,neoplastic,172,468,2,2:167
2,829,0,neoplastic,247,513,3,2:251
2,829,2,connective_soft_tissue,167,824,2,0:172
2,829,2,connective_soft_tissue,251,396,3,0:247
2,830,0,neoplastic,318,602,3,2:327
2,830,2,connective_soft_tissue,327,190,3,0:318
2,844,1,inflammatory,823,75,3,2:819
2,844,1,inflammatory,916,79,3,2:929
2,844,1,inflammatory,945,91,1,2:923
2,844,1,inflammatory,1519,59,2,2:1161
2,844,2,connective_soft_tissue,819,65,3,1:823
2,844,2,connective_soft_tissue,923,106,1,1:945
2,844,2,connective_soft_tissue,929,87,3,1:916
2,844,2,connective_soft_tissue,1161,121,2,1:1519
2,852,0,neoplastic,357,490,15,2:133
2,852,2,connective_soft_tissue,133,657,15,0:357
2,855,1,inflammatory,106,285,5,2:66
2,855,2,connective_soft_tissue,66,631,5,1:106
2,858,1,inflammatory,284,174,2,2:300
2,858,2,connective_soft_tissue,300,69,2,1:284
2,867,0,neoplastic,368,377,1,2:362
2,867,2,connective_soft_tissue,362,20,1,0:368
2,897,0,neoplastic,437,195,1,3:489
2,897,3,dead,489,109,1,0:437
2,898,0,neoplastic,215,274,5,3:241
2,898,3,dead,241,79,5,0:215
2,900,0,neoplastic,755,283,2,2:743
2,900,2,connective_soft_tissue,743,152,2,0:755
2,909,0,neoplastic,2538,250,3,2:2528
2,909,2,connective_soft_tissue,2528,220,3,0:2538
2,927,0,neoplastic,994,1247,4,2:988
2,927,2,connective_soft_tissue,988,113,4,0:994
2,930,0,neoplastic,217,868,2,1:285
2,930,0,neoplastic,262,493,2,2:259
2,930,1,inflammatory,285,476,2,0:217
2,930,2,connective_soft_tissue,259,254,2,0:262
2,932,1,inflammatory,1646,49,1,2:1632
2,932,1,inflammatory,1883,43,1,2:1856
2,932,1,inflammatory,1921,58,2,2:1936
2,932,2,connective_soft_tissue,1632,78,1,1:1646
2,932,2,connective_soft_tissue,1856,75,1,1:1883
2,932,2,connective_soft_tissue,1936,104,2,1:1921
2,933,1,inflammatory,81,213,2,2:79
2,933,2,connective_soft_tissue,79,430,2,1:81
2,953,0,neoplastic,55,752,6,2:51
2,953,2,connective_soft_tissue,51,599,6,0:55
2,958,0,neoplastic,139,713,1,2:131
2,958,2,connective_soft_tissue,131,70,1,0:139
2,970,1,inflammatory,195,123,2,2:178
2,970,2,connective_soft_tissue,178,581,2,1:195
2,1015,0,neoplastic,929,653,4,2:940
2,1015,2,connective_soft_tissue,940,736,4,0:929
2,1018,1,inflammatory,1678,204,14,2:1063
2,1018,2,connective_soft_tissue,1063,155,14,1:1678
2,1022,0,neoplastic,1345,380,4,2:1364
2,1022,2,connective_soft_tissue,1364,264,4,0:1345
2,1035,0,neoplastic,328,33,1,2:349
2,1035,2,connective_soft_tissue,349,377,1,0:328
2,1065,0,neoplastic,223,464,2,2:221
2,1065,2,connective_soft_tissue,221,333,2,0:223
2,1091,2,connective_soft_tissue,316,1238,67,4:108
2,1091,4,non_neoplastic_epithelial,108,357,67,2:316
2,1095,1,inflammatory,186,542,5,2:198
2,1095,2,connective_soft_tissue,198,732,5,1:186
2,1097,0,neoplastic,274,816,4,2:767
2,1097,2,connective_soft_tissue,767,728,4,0:274
2,1100,0,neoplastic,418,235,9,2:796
2,1100,2,connective_soft_tissue,796,493,9,0:418
2,1121,1,inflammatory,1071,250,1,2:1077
2,1121,2,connective_soft_tissue,1077,337,1,1:1071
2,1123,1,inflammatory,1166,241,2,4:1142
2,1123,4,non_neoplastic_epithelial,1142,439,2,1:1166
2,1124,1,inflammatory,39,285,5,4:532
2,1124,4,non_neoplastic_epithelial,532,297,5,1:39
2,1125,1,inflammatory,250,96,4,2:233
2,1125,2,connective_soft_tissue,233,489,4,1:250
2,1126,1,inflammatory,556,190,2,2:417
2,1126,2,connective_soft_tissue,417,267,2,1:556
2,1149,1,inflammatory,684,263,2,2:685
2,1149,2,connective_soft_tissue,685,341,2,1:684
2,1163,0,neoplastic,479,499,4,2:467
2,1163,2,connective_soft_tissue,467,686,4,0:479
2,1183,0,neoplastic,35,430,4,3:50
2,1183,3,dead,50,996,4,0:35
2,1195,0,neoplastic,217,920,1,2:198
2,1195,2,connective_soft_tissue,198,443,1,0:217
2,1225,0,neoplastic,496,555,5,2:498
2,1225,2,connective_soft_tissue,498,373,5,0:496
2,1229,0,neoplastic,610,315,3,2:605
2,1229,2,connective_soft_tissue,605,160,3,0:610
2,1230,0,neoplastic,583,1045,18,2:559
2,1230,0,neoplastic,590,617,10,2:600
2,1230,2,connective_soft_tissue,559,772,18,0:583
2,1230,2,connective_soft_tissue,600,523,10,0:590
2,1240,1,inflammatory,45,378,2,2:35
2,1240,2,connective_soft_tissue,35,431,2,1:45
2,1251,1,inflammatory,790,174,3,2:782
2,1251,2,connective_soft_tissue,782,487,3,1:790
2,1260,1,inflammatory,266,366,3,2:259
2,1260,2,connective_soft_tissue,259,334,3,1:266
2,1261,1,inflammatory,223,454,1,2:213
2,1261,2,connective_soft_tissue,213,243,1,1:223
2,1262,1,inflammatory,1,228,1,2:5
2,1262,2,connective_soft_tissue,5,137,1,1:1
2,1285,1,inflammatory,302,548,2,2:299
2,1285,2,connective_soft_tissue,299,252,2,1:302
2,1291,0,neoplastic,1393,524,2,1:1400
2,1291,0,neoplastic,1396,404,1,1:1409
2,1291,1,inflammatory,1232,490,4,2:1243
2,1291,1,inflammatory,1400,395,2,0:1393
2,1291,1,inflammatory,1409,392,1,0:1396
2,1291,2,connective_soft_tissue,1243,668,4,1:1232
2,1294,0,neoplastic,1501,262,4,1:1509
2,1294,1,inflammatory,1509,201,4,0:1501
2,1373,0,neoplastic,164,524,1,2:168
2,1373,2,connective_soft_tissue,168,700,1,0:164
2,1385,0,neoplastic,120,479,5,2:110
2,1385,2,connective_soft_tissue,110,112,5,0:120
2,1387,0,neoplastic,167,250,5,2:171
2,1387,2,connective_soft_tissue,171,164,5,0:167
2,1391,1,inflammatory,79,303,3,2:83
2,1391,2,connective_soft_tissue,83,1054,3,1:79
2,1406,1,inflammatory,17,331,3,2:28
2,1406,2,connective_soft_tissue,28,452,3,1:17
2,1409,1,inflammatory,252,247,4,2:244
2,1409,2,connective_soft_tissue,244,265,4,1:252
2,1410,1,inflammatory,245,293,4,2:251
2,1410,2,connective_soft_tissue,251,375,4,1:245
2,1411,1,inflammatory,323,440,4,2:311
2,1411,2,connective_soft_tissue,311,297,4,1:323
2,1423,2,connective_soft_tissue,147,428,2,4:146
2,1423,4,non_neoplastic_epithelial,146,821,2,2:147
2,1437,0,neoplastic,79,677,1,2:83
2,1437,2,connective_soft_tissue,83,544,1,0:79
2,1438,1,inflammatory,215,168,1,2:220
2,1438,2,connective_soft_tissue,220,409,1,1:215
2,1447,0,neoplastic,82,854,8,2:85
2,1447,2,connective_soft_tissue,85,910,8,0:82
2,1448,1,inflammatory,319,340,1,2:328
2,1448,2,connective_soft_tissue,328,369,1,1:319
2,1501,0,neoplastic,190,1094,3,2:173
2,1501,2,connective_soft_tissue,173,654,3,0:190
2,1510,0,neoplastic,263,1420,6,2:273
2,1510,1,inflammatory,224,667,5,2:227
2,1510,2,connective_soft_tissue,227,516,5,1:224
2,1510,2,connective_soft_tissue,273,444,6,0:263
2,1513,0,neoplastic,42,741,3,2:33
2,1513,2,connective_soft_tissue,33,310,3,0:42
2,1515,0,neoplastic,122,663,4,2:118
2,1515,2,connective_soft_tissue,118,395,4,0:122
2,1536,1,inflammatory,87,470,4,2:89
2,1536,2,connective_soft_tissue,89,800,4,1:87
2,1553,0,neoplastic,1238,432,3,2:1244
2,1553,2,connective_soft_tissue,1244,114,3,0:1238
2,1567,0,neoplastic,296,553,4,2:291
2,1567,2,connective_soft_tissue,291,292,4,0:296
2,1570,1,inflammatory,462,156,2,2:469
2,1570,2,connective_soft_tissue,469,418,2,1:462
2,1571,1,inflammatory,620,328,4,2:609
2,1571,2,connective_soft_tissue,609,664,4,1:620
2,1578,2,connective_soft_tissue,177,1079,13,4:191
2,1578,4,non_neoplastic_epithelial,191,1573,13,2:177
2,1583,1,inflammatory,707,548,18,2:713
2,1583,2,connective_soft_tissue,713,1060,18,1:707
2,1588,2,connective_soft_tissue,862,363,2,4:70
2,1588,4,non_neoplastic_epithelial,70,901,2,2:862
2,1628,1,inflammatory,189,989,3,2:199
2,1628,2,connective_soft_tissue,199,632,3,1:189
2,1630,1,inflammatory,287,1168,18,2:272
2,1630,2,connective_soft_tissue,272,1074,18,1:287
2,1637,1,inflammatory,631,431,2,2:633
2,1637,2,connective_soft_tissue,633,503,2,1:631
2,1640,2,connective_soft_tissue,701,385,12,4:700
2,1640,4,non_neoplastic_epithelial,700,434,12,2:701
2,1666,1,inflammatory,228,776,1,2:226
2,1666,2,connective_soft_tissue,226,934,1,1:228
2,1676,1,inflammatory,480,506,14,4:477
2,1676,4,non_neoplastic_epithelial,477,780,14,1:480
2,1703,1,inflammatory,25,308,10,4:22
2,1703,4,non_neoplastic_epithelial,22,580,10,1:25
2,1705,1,inflammatory,141,976,13,4:129
2,1705,4,non_neoplastic_epithelial,129,716,13,1:141
2,1712,1,inflammatory,363,561,12,4:350
2,1712,4,non_neoplastic_epithelial,350,753,12,1:363
2,1714,1,inflammatory,299,387,4,4:296
2,1714,4,non_neoplastic_epithelial,296,942,4,1:299
2,1716,1,inflammatory,341,840,1,2:1132
2,1716,2,connective_soft_tissue,1132,479,1,1:341
2,1719,1,inflammatory,611,978,11,2:592
2,1719,2,connective_soft_tissue,592,1209,11,1:611
2,1724,1,inflammatory,811,899,15,4:813
2,1724,4,non_neoplastic_epithelial,813,1673,15,1:811
2,1727,1,inflammatory,1100,579,231,2:1101
2,1727,2,connective_soft_tissue,1101,1062,231,1:1100
2,1731,1,inflammatory,14,18,1,2:29
2,1731,2,connective_soft_tissue,29,454,1,1:14
2,1735,1,inflammatory,242,587,4,2:246
2,1735,1,inflammatory,285,363,13,2:275
2,1735,2,connective_soft_tissue,246,1226,4,1:242
2,1735,2,connective_soft_tissue,275,970,13,1:285
2,1755,1,inflammatory,207,337,13,2:209
2,1755,2,connective_soft_tissue,209,1013,13,1:207
2,1795,2,connective_soft_tissue,559,1236,12,4:576
2,1795,4,non_neoplastic_epithelial,576,1662,12,2:559
2,1816,0,neoplastic,385,248,1,2:374
2,1816,2,connective_soft_tissue,374,737,1,0:385
2,1819,0,neoplastic,122,448,3,2:118
2,1819,2,connective_soft_tissue,118,447,3,0:122
2,1823,0,neoplastic,272,313,1,2:270
2,1823,2,connective_soft_tissue,270,711,1,0:272
2,1825,0,neoplastic,48,874,4,2:45
2,1825,2,connective_soft_tissue,45,682,4,0:48
2,1826,0,neoplastic,140,692,1,2:143
2,1826,2,connective_soft_tissue,143,199,1,0:140
2,1828,0,neoplastic,138,1083,4,2:157
2,1828,1,inflammatory,88,229,3,2:92
2,1828,2,connective_soft_tissue,92,282,3,1:88
2,1828,2,connective_soft_tissue,157,308,4,0:138
2,1869,1,inflammatory,171,585,2,2:179
2,1869,2,connective_soft_tissue,179,130,2,1:171
2,1880,0,neoplastic,160,602,4,1:158
2,1880,1,inflammatory,158,352,4,0:160
2,1881,0,neoplastic,194,463,3,1:203
2,1881,0,neoplastic,343,499,8,1:350
2,1881,1,inflammatory,203,155,3,0:194
2,1881,1,inflammatory,350,311,8,0:343
2,1896,1,inflammatory,1034,340,7,2:1029
2,1896,1,inflammatory,1068,372,4,2:1059
2,1896,1,inflammatory,1078,236,4,2:1090
2,1896,2,connective_soft_tissue,1029,629,7,1:1034
2,1896,2,connective_soft_tissue,1059,278,4,1:1068
2,1896,2,connective_soft_tissue,1090,523,4,1:1078
2,1905,1,inflammatory,55,389,2,2:58
2,1905,2,connective_soft_tissue,58,530,2,1:55
2,1979,1,inflammatory,193,269,3,2:183
2,1979,2,connective_soft_tissue,183,252,3,1:193
2,1989,0,neoplastic,371,190,5,1:387
2,1989,1,inflammatory,387,156,5,0:371
2,1990,0,neoplastic,386,1044,18,2:341;2:357
2,1990,2,connective_soft_tissue,341,671,7,0:386
2,1990,2,connective_soft_tissue,357,808,11,0:386
2,2009,1,inflammatory,18,408,1,2:30
2,2009,2,connective_soft_tissue,30,533,1,1:18
2,2042,0,neoplastic,230,1035,4,2:232
2,2042,2,connective_soft_tissue,232,582,4,0:230
2,2065,2,connective_soft_tissue,294,177,1,4:302
2,2065,4,non_neoplastic_epithelial,302,83,1,2:294
2,2087,0,neoplastic,115,568,8,2:110
2,2087,2,connective_soft_tissue,110,603,8,0:115
2,2140,0,neoplastic,313,501,3,2:314
2,2140,2,connective_soft_tissue,314,551,3,0:313
2,2142,0,neoplastic,295,692,6,1:309
2,2142,0,neoplastic,342,666,1,2:353
2,2142,1,inflammatory,309,271,6,0:295
2,2142,2,connective_soft_tissue,353,29,1,0:342
2,2152,2,connective_soft_tissue,42,577,1,4:40
2,2152,4,non_neoplastic_epithelial,40,126,1,2:42
2,2171,1,inflammatory,181,311,1,2:189
2,2171,2,connective_soft_tissue,189,275,1,1:181
2,2178,1,inflammatory,287,412,3,2:286
2,2178,2,connective_soft_tissue,286,395,3,1:287
2,2204,1,inflammatory,145,228,2,2:138
2,2204,2,connective_soft_tissue,138,241,2,1:145
2,2207,1,inflammatory,51,350,7,2:52
2,2207,2,connective_soft_tissue,52,138,7,1:51
2,2209,1,inflammatory,65,189,3,2:66
2,2209,2,connective_soft_tissue,66,481,3,1:65
2,2210,1,inflammatory,133,142,5,2:134
2,2210,2,connective_soft_tissue,134,525,5,1:133
2,2216,2,connective_soft_tissue,251,114,3,4:254
2,2216,4,non_neoplastic_epithelial,254,204,3,2:251
2,2245,0,neoplastic,77,316,3,1:88
2,2245,0,neoplastic,103,633,5,1:106
2,2245,0,neoplastic,190,299,1,1:178
2,2245,1,inflammatory,88,253,3,0:77
2,2245,1,inflammatory,106,386,5,0:103
2,2245,1,inflammatory,178,267,1,0:190
2,2246,0,neoplastic,99,320,1,1:105
2,2246,0,neoplastic,193,271,4,1:201
2,2246,0,neoplastic,236,972,4,1:240
2,2246,1,inflammatory,105,326,1,0:99
2,2246,1,inflammatory,201,208,4,0:193
2,2246,1,inflammatory,240,307,4,0:236
2,2249,0,neoplastic,962,299,64,1:881
2,2249,1,inflammatory,881,451,64,0:962
2,2254,1,inflammatory,166,65,15,2:199
2,2254,2,connective_soft_tissue,199,133,15,1:166
2,2257,1,inflammatory,230,47,2,2:185
2,2257,2,connective_soft_tissue,185,117,2,1:230
2,2259,0,neoplastic,40,87,1,2:13
2,2259,2,connective_soft_tissue,13,193,1,0:40
2,2260,0,neoplastic,451,297,1,2:462
2,2260,2,connective_soft_tissue,462,366,1,0:451
2,2272,1,inflammatory,74,569,6,2:43
2,2272,1,inflammatory,175,340,6,2:198
2,2272,2,connective_soft_tissue,43,545,6,1:74
2,2272,2,connective_soft_tissue,198,398,6,1:175
2,2273,1,inflammatory,429,437,1,2:399
2,2273,1,inflammatory,496,332,5,2:483
2,2273,1,inflammatory,523,409,28,2:1416
2,2273,1,inflammatory,544,291,5,2:501
2,2273,1,inflammatory,602,196,7,2:590
2,2273,1,inflammatory,607,526,1,2:597
2,2273,2,connective_soft_tissue,399,347,1,1:429
2,2273,2,connective_soft_tissue,483,521,5,1:496
2,2273,2,connective_soft_tissue,501,524,5,1:544
2,2273,2,connective_soft_tissue,590,447,7,1:602
2,2273,2,connective_soft_tissue,597,213,1,1:607
2,2273,2,connective_soft_tissue,1416,298,28,1:523
2,2274,1,inflammatory,1023,448,2,2:1050
2,2274,2,connective_soft_tissue,1050,62,2,1:1023
2,2275,1,inflammatory,1073,341,1,2:1059
2,2275,1,inflammatory,1337,301,3,2:1347
2,2275,2,connective_soft_tissue,1059,313,1,1:1073
2,2275,2,connective_soft_tissue,1347,635,3,1:1337
2,2276,1,inflammatory,1043,136,1,2:1060
2,2276,1,inflammatory,1067,1129,6,2:1114
2,2276,1,inflammatory,1376,272,15,2:1388
2,2276,2,connective_soft_tissue,1060,281,1,1:1043
2,2276,2,connective_soft_tissue,1114,241,6,1:1067
2,2276,2,connective_soft_tissue,1388,165,15,1:1376
2,2277,1,inflammatory,1195,392,3,2:1155
2,2277,2,connective_soft_tissue,1155,854,3,1:1195
2,2285,0,neoplastic,184,277,1,1:188
2,2285,1,inflammatory,188,105,1,0:184
2,2300,0,neoplastic,147,1449,6,2:152
2,2300,2,connective_soft_tissue,152,495,6,0:147
2,2303,0,neoplastic,45,378,2,1:36
2,2303,1,inflammatory,36,473,2,0:45
2,2306,0,neoplastic,328,684,5,1:332
2,2306,1,inflammatory,332,125,5,0:328
2,2327,0,neoplastic,488,256,2,1:490
2,2327,1,inflammatory,490,536,2,0:488
2,2332,0,neoplastic,239,344,2,1:241
2,2332,1,inflammatory,241,297,2,0:239
2,2333,0,neoplastic,166,147,3,1:154
2,2333,1,inflammatory,154,195,3,0:166
2,2342,0,neoplastic,232,361,6,2:245
2,2342,2,connective_soft_tissue,245,1031,6,0:232
2,2353,0,neoplastic,167,609,5,1:177
2,2353,1,inflammatory,177,522,5,0:167
2,2354,1,inflammatory,530,199,1,3:538
2,2354,3,dead,538,206,1,1:530
2,2377,0,neoplastic,894,567,8,1:880
2,2377,1,inflammatory,844,317,1,2:864
2,2377,1,inflammatory,880,725,8,0:894
2,2377,2,connective_soft_tissue,864,204,1,1:844
2,2390,2,connective_soft_tissue,175,286,11,4:169
2,2390,4,non_neoplastic_epithelial,169,801,11,2:175
2,2404,2,connective_soft_tissue,206,565,5,4:209
2,2404,4,non_neoplastic_epithelial,209,533,5,2:206
2,2406,1,inflammatory,309,587,2,2:303
2,2406,2,connective_soft_tissue,303,387,2,1:309
2,2409,0,neoplastic,166,537,5,2:163
2,2409,2,connective_soft_tissue,163,577,5,0:166
2,2418,0,neoplastic,259,111,3,1:255
2,2418,1,inflammatory,255,316,3,0:259
2,2423,2,connective_soft_tissue,83,391,3,4:95
2,2423,4,non_neoplastic_epithelial,95,354,3,2:83
2,2425,1,inflammatory,201,442,6,4:190
2,2425,4,non_neoplastic_epithelial,190,376,6,1:201
3,77,1,inflammatory,22,526,3,4:19
3,77,4,non_neoplastic_epithelial,19,348,3,1:22
3,103,1,inflammatory,35,426,1,2:34
3,103,2,connective_soft_tissue,34,735,1,1:35
3,109,1,inflammatory,356,285,26,4:365
3,109,4,non_neoplastic_epithelial,365,295,26,1:356
3,163,1,inflammatory,96,287,6,2:87
3,163,2,connective_soft_tissue,87,313,6,1:96
3,175,1,inflammatory,431,540,4,4:401
3,175,4,non_neoplastic_epithelial,401,476,4,1:431
3,222,1,inflammatory,289,207,6,4:305
3,222,4,non_neoplastic_epithelial,305,480,6,1:289
3,240,1,inflammatory,51,219,3,2:31
3,240,2,connective_soft_tissue,31,613,3,1:51
3,241,1,inflammatory,315,266,6,2:324
3,241,2,connective_soft_tissue,324,327,6,1:315
3,252,1,inflammatory,337,272,4,2:346
3,252,2,connective_soft_tissue,346,306,4,1:337
3,253,1,inflammatory,450,319,6,2:444
3,253,2,connective_soft_tissue,444,386,6,1:450
3,268,0,neoplastic,91,167,2,2:109
3,268,2,connective_soft_tissue,109,940,2,0:91
3,279,1,inflammatory,227,350,6,2:228
3,279,2,connective_soft_tissue,228,310,6,1:227
3,322,1,inflammatory,173,642,1,2:165
3,322,2,connective_soft_tissue,165,546,1,1:173
3,390,1,inflammatory,59,531,13,2:55
3,390,2,connective_soft_tissue,55,734,13,1:59
3,400,0,neoplastic,61,583,2,1:59
3,400,1,inflammatory,59,290,2,0:61
3,433,0,neoplastic,130,2556,1,2:131
3,433,2,connective_soft_tissue,131,1692,1,0:130
3,438,0,neoplastic,15,1080,17,1:23
3,438,1,inflammatory,23,302,17,0:15
3,438,1,inflammatory,51,253,5,2:46
3,438,2,connective_soft_tissue,46,482,5,1:51
3,440,1,inflammatory,203,170,6,2:202
3,440,2,connective_soft_tissue,202,172,6,1:203
3,484,1,inflammatory,35,366,1,2:350
3,484,2,connective_soft_tissue,350,403,1,1:35
3,492,1,inflammatory,215,350,8,2:211
3,492,2,connective_soft_tissue,211,700,8,1:215
3,515,0,neoplastic,197,814,4,1:204
3,515,0,neoplastic,209,502,4,1:222
3,515,1,inflammatory,141,1086,19,2:133
3,515,1,inflammatory,204,533,4,0:197
3,515,1,inflammatory,222,285,4,0:209
3,515,2,connective_soft_tissue,133,1835,19,1:141
3,518,0,neoplastic,306,1069,1,1:327
3,518,1,inflammatory,327,357,1,0:306
3,522,0,neoplastic,353,404,11,2:275
3,522,2,connective_soft_tissue,275,371,11,0:353
3,582,2,connective_soft_tissue,69,303,7,3:79
3,582,3,dead,79,150,7,2:69
3,621,1,inflammatory,120,492,15,2:126
3,621,2,connective_soft_tissue,126,1024,15,1:120
3,631,1,inflammatory,346,499,12,2:245
3,631,2,connective_soft_tissue,245,673,12,1:346
3,660,0,neoplastic,128,435,5,2:131
3,660,2,connective_soft_tissue,131,560,5,0:128
3,685,0,neoplastic,62,583,1,2:71
3,685,2,connective_soft_tissue,71,1677,1,0:62
3,706,1,inflammatory,189,290,2,2:179
3,706,2,connective_soft_tissue,179,1141,2,1:189
3,732,1,inflammatory,7,116,13,2:8
3,732,2,connective_soft_tissue,8,595,13,1:7
3,737,0,neoplastic,294,331,3,1:297
3,737,1,inflammatory,297,236,3,0:294
3,745,1,inflammatory,221,238,1,2:209
3,745,2,connective_soft_tissue,209,486,1,1:221
3,760,1,inflammatory,776,262,1,2:761
3,760,1,inflammatory,889,305,3,2:872
3,760,2,connective_soft_tissue,761,155,1,1:776
3,760,2,connective_soft_tissue,872,362,3,1:889
3,802,1,inflammatory,65,256,5,2:76
3,802,2,connective_soft_tissue,76,658,5,1:65
3,804,1,inflammatory,336,202,4,2:353
3,804,2,connective_soft_tissue,353,549,4,1:336
3,809,1,inflammatory,164,237,1,2:159
3,809,2,connective_soft_tissue,159,422,1,1:164
3,811,0,neoplastic,194,202,3,1:197
3,811,1,inflammatory,197,259,3,0:194
3,812,0,neoplastic,242,266,2,1:241
3,812,1,inflammatory,241,189,2,0:242
3,820,0,neoplastic,84,1199,3,2:63
3,820,2,connective_soft_tissue,63,881,3,0:84
3,825,0,neoplastic,18,197,1,2:24
3,825,2,connective_soft_tissue,24,790,1,0:18
3,827,1,inflammatory,261,303,2,2:267
3,827,2,connective_soft_tissue,267,239,2,1:261
3,865,0,neoplastic,182,781,2,2:192
3,865,2,connective_soft_tissue,192,664,2,0:182
3,889,1,inflammatory,771,96,5,2:772
3,889,1,inflammatory,953,62,4,2:942
3,889,2,connective_soft_tissue,772,135,5,1:771
3,889,2,connective_soft_tissue,942,97,4,1:953
3,890,1,inflammatory,215,271,1,2:210
3,890,2,connective_soft_tissue,210,205,1,1:215
3,891,1,inflammatory,154,215,3,2:160
3,891,2,connective_soft_tissue,160,628,3,1:154
3,901,0,neoplastic,2198,1287,35,2:219
3,901,2,connective_soft_tissue,219,459,35,0:2198
3,905,0,neoplastic,431,671,4,2:457
3,905,0,neoplastic,459,854,4,2:457
3,905,2,connective_soft_tissue,457,649,8,0:431;0:459
3,930,0,neoplastic,63,225,3,3:53
3,930,2,connective_soft_tissue,462,48,3,3:444
3,930,3,dead,53,223,3,0:63
3,930,3,dead,444,87,3,2:462
3,931,2,connective_soft_tissue,670,103,4,3:662
3,931,3,dead,662,155,4,2:670
3,932,0,neoplastic,914,206,1,3:878
3,932,3,dead,878,128,1,0:914
3,943,2,connective_soft_tissue,3420,64,4,3:3440
3,943,3,dead,3440,234,4,2:3420
3,959,0,neoplastic,34,160,1,1:40
3,959,0,neoplastic,46,263,1,2:39
3,959,1,inflammatory,40,281,1,0:34
3,959,2,connective_soft_tissue,39,291,1,0:46
3,964,0,neoplastic,452,147,2,2:435
3,964,2,connective_soft_tissue,435,55,2,0:452
3,1005,1,inflammatory,244,49,1,2:258
3,1005,1,inflammatory,348,72,1,2:338
3,1005,1,inflammatory,505,103,1,2:511
3,1005,2,connective_soft_tissue,258,96,1,1:244
3,1005,2,connective_soft_tissue,338,93,1,1:348
3,1005,2,connective_soft_tissue,511,68,1,1:505
3,1007,1,inflammatory,2144,80,1,2:2163
3,1007,1,inflammatory,2284,49,2,2:2271
3,1007,2,connective_soft_tissue,2163,61,1,1:2144
3,1007,2,connective_soft_tissue,2271,32,2,1:2284
3,1017,0,neoplastic,61,304,10,2:69
3,1017,2,connective_soft_tissue,69,1020,10,0:61
3,1057,0,neoplastic,157,815,1,2:173
3,1057,2,connective_soft_tissue,173,821,1,0:157
3,1058,0,neoplastic,51,1283,3,2:71
3,1058,2,connective_soft_tissue,71,894,3,0:51
3,1068,0,neoplastic,1023,612,3,2:1047
3,1068,2,connective_soft_tissue,1047,55,3,0:1023
3,1069,0,neoplastic,885,1772,5,2:872
3,1069,2,connective_soft_tissue,872,447,5,0:885
3,1074,0,neoplastic,1433,1175,7,2:1448
3,1074,0,neoplastic,1459,804,7,2:1448
3,1074,2,connective_soft_tissue,1448,768,14,0:1433;0:1459
3,1098,0,neoplastic,543,369,9,2:537
3,1098,2,connective_soft_tissue,537,230,9,0:543
3,1119,0,neoplastic,324,1241,12,2:321
3,1119,2,connective_soft_tissue,321,29,12,0:324
3,1154,1,inflammatory,216,265,6,2:597
3,1154,2,connective_soft_tissue,597,674,6,1:216
3,1160,0,neoplastic,423,770,2,2:422
3,1160,2,connective_soft_tissue,422,749,2,0:423
3,1165,2,connective_soft_tissue,108,239,10,4:14
3,1165,4,non_neoplastic_epithelial,14,657,10,2:108
3,1167,1,inflammatory,130,608,1,2:134
3,1167,2,connective_soft_tissue,134,458,1,1:130
3,1184,0,neoplastic,700,192,6,2:781
3,1184,2,connective_soft_tissue,781,51,6,0:700
3,1186,2,connective_soft_tissue,34,472,6,4:36
3,1186,4,non_neoplastic_epithelial,36,796,6,2:34
3,1201,1,inflammatory,742,123,2,2:744
3,1201,2,connective_soft_tissue,744,108,2,1:742
3,1204,1,inflammatory,126,359,4,2:125
3,1204,2,connective_soft_tissue,125,403,4,1:126
3,1216,1,inflammatory,310,262,4,2:311
3,1216,2,connective_soft_tissue,311,245,4,1:310
3,1227,0,neoplastic,599,255,9,1:609
3,1227,0,neoplastic,617,135,19,1:608
3,1227,1,inflammatory,608,315,19,0:617
3,1227,1,inflammatory,609,324,9,0:599
3,1234,1,inflammatory,903,341,6,2:901
3,1234,2,connective_soft_tissue,901,418,6,1:903
3,1238,0,neoplastic,493,432,2,2:478
3,1238,2,connective_soft_tissue,478,300,2,0:493
3,1246,0,neoplastic,1522,189,5,1:1531
3,1246,1,inflammatory,1531,430,5,0:1522
3,1249,0,neoplastic,97,689,7,1:850
3,1249,1,inflammatory,850,111,7,0:97
3,1251,0,neoplastic,153,1046,5,2:168
3,1251,2,connective_soft_tissue,168,510,5,0:153
3,1258,0,neoplastic,326,392,11,2:321
3,1258,2,connective_soft_tissue,321,552,11,0:326
3,1262,0,neoplastic,452,284,1,2:444
3,1262,2,connective_soft_tissue,444,858,1,0:452
3,1284,0,neoplastic,709,334,1,2:703
3,1284,2,connective_soft_tissue,703,294,1,0:709
3,1287,0,neoplastic,205,477,4,2:218
3,1287,2,connective_soft_tissue,218,349,4,0:205
3,1302,1,inflammatory,542,223,1,2:513
3,1302,2,connective_soft_tissue,513,328,1,1:542
3,1314,2,connective_soft_tissue,189,349,10,4:199
3,1314,4,non_neoplastic_epithelial,199,585,10,2:189
3,1323,0,neoplastic,504,79,7,2:483
3,1323,2,connective_soft_tissue,483,499,7,0:504
3,1333,1,inflammatory,17,351,1,2:4
3,1333,2,connective_soft_tissue,4,160,1,1:17
3,1450,0,neoplastic,145,722,7,2:153
3,1450,0,neoplastic,173,456,4,2:170
3,1450,2,connective_soft_tissue,153,351,7,0:145
3,1450,2,connective_soft_tissue,170,150,4,0:173
3,1451,0,neoplastic,185,321,2,2:181
3,1451,2,connective_soft_tissue,181,243,2,0:185
3,1454,0,neoplastic,240,663,7,2:246
3,1454,2,connective_soft_tissue,246,774,7,0:240
3,1475,2,connective_soft_tissue,393,424,5,4:395
3,1475,4,non_neoplastic_epithelial,395,649,5,2:393
3,1493,1,inflammatory,193,284,6,4:186
3,1493,4,non_neoplastic_epithelial,186,647,6,1:193
3,1501,0,neoplastic,48,920,13,2:50
3,1501,0,neoplastic,69,614,3,2:58
3,1501,2,connective_soft_tissue,50,538,13,0:48
3,1501,2,connective_soft_tissue,58,543,3,0:69
3,1502,0,neoplastic,251,367,4,2:245
3,1502,2,connective_soft_tissue,245,207,4,0:251
3,1503,0,neoplastic,376,600,2,2:388
3,1503,0,neoplastic,409,462,6,2:412
3,1503,2,connective_soft_tissue,388,422,2,0:376
3,1503,2,connective_soft_tissue,412,470,6,0:409
3,1512,0,neoplastic,51,413,1,1:46
3,1512,1,inflammatory,46,138,1,0:51
3,1512,1,inflammatory,70,381,2,2:52
3,1512,2,connective_soft_tissue,52,691,2,1:70
3,1514,0,neoplastic,164,674,2,2:180
3,1514,2,connective_soft_tissue,180,805,2,0:164
3,1528,1,inflammatory,199,148,5,2:192
3,1528,2,connective_soft_tissue,192,463,5,1:199
3,1537,1,inflammatory,209,211,2,2:213
3,1537,2,connective_soft_tissue,213,429,2,1:209
3,1540,1,inflammatory,22,236,2,2:17
3,1540,2,connective_soft_tissue,17,205,2,1:22
3,1545,1,inflammatory,413,308,1,2:403
3,1545,2,connective_soft_tissue,403,115,1,1:413
3,1555,0,neoplastic,164,461,6,2:172
3,1555,2,connective_soft_tissue,172,229,6,0:164
3,1556,0,neoplastic,196,701,1,2:197
3,1556,2,connective_soft_tissue,197,893,1,0:196
3,1560,0,neoplastic,58,407,4,2:52
3,1560,2,connective_soft_tissue,52,281,4,0:58
3,1561,1,inflammatory,44,375,1,2:32
3,1561,2,connective_soft_tissue,32,522,1,1:44
3,1649,0,neoplastic,72,182,8,2:71
3,1649,2,connective_soft_tissue,71,94,8,0:72
3,1650,0,neoplastic,356,190,1,2:372
3,1650,2,connective_soft_tissue,372,57,1,0:356
3,1659,0,neoplastic,158,511,7,2:154
3,1659,2,connective_soft_tissue,154,470,7,0:158
3,1660,0,neoplastic,236,711,2,2:229
3,1660,2,connective_soft_tissue,229,705,2,0:236
3,1675,0,neoplastic,521,77,2,1:531
3,1675,1,inflammatory,531,185,2,0:521
3,1692,1,inflammatory,77,299,5,2:62
3,1692,1,inflammatory,126,465,14,2:113
3,1692,2,connective_soft_tissue,62,483,5,1:77
3,1692,2,connective_soft_tissue,113,715,14,1:126
3,1695,0,neoplastic,656,912,6,1:456
3,1695,1,inflammatory,328,235,1,2:326
3,1695,1,inflammatory,360,328,1,2:368
3,1695,1,inflammatory,372,177,8,2:354
3,1695,1,inflammatory,381,367,13,2:364
3,1695,1,inflammatory,456,289,6,0:656
3,1695,1,inflammatory,460,250,1,2:448
3,1695,2,connective_soft_tissue,326,349,1,1:328
3,1695,2,connective_soft_tissue,354,731,8,1:372
3,1695,2,connective_soft_tissue,364,367,13,1:381
3,1695,2,connective_soft_tissue,368,311,1,1:360
3,1695,2,connective_soft_tissue,448,582,1,1:460
3,1707,1,inflammatory,335,696,20,4:340
3,1707,4,non_neoplastic_epithelial,340,1082,20,1:335
3,1710,1,inflammatory,369,1486,5,2:358
3,1710,2,connective_soft_tissue,358,1372,5,1:369
3,1722,1,inflammatory,868,855,3,2:860
3,1722,2,connective_soft_tissue,860,895,3,1:868
3,1730,1,inflammatory,382,751,3,2:394
3,1730,2,connective_soft_tissue,394,449,3,1:382
3,1746,0,neoplastic,408,889,178,4:19
3,1746,0,neoplastic,409,848,63,4:9
3,1746,4,non_neoplastic_epithelial,9,1596,63,0:409
3,1746,4,non_neoplastic_epithelial,19,2024,178,0:408
3,1802,1,inflammatory,785,625,6,2:793
3,1802,2,connective_soft_tissue,793,1098,6,1:785
3,1815,1,inflammatory,212,667,5,2:211
3,1815,2,connective_soft_tissue,211,951,5,1:212
3,1830,2,connective_soft_tissue,753,490,1,4:785
3,1830,4,non_neoplastic_epithelial,785,919,1,2:753
3,1864,1,inflammatory,247,1078,18,4:221
3,1864,4,non_neoplastic_epithelial,221,2788,18,1:247
3,1866,1,inflammatory,322,911,15,4:309
3,1866,4,non_neoplastic_epithelial,309,1888,15,1:322
3,1869,1,inflammatory,497,988,26,4:491
3,1869,4,non_neoplastic_epithelial,491,1020,26,1:497
3,1880,1,inflammatory,14,937,3,2:29
3,1880,2,connective_soft_tissue,29,563,3,1:14
3,1887,1,inflammatory,298,945,14,2:301
3,1887,2,connective_soft_tissue,301,748,14,1:298
3,1933,2,connective_soft_tissue,616,521,3,4:594
3,1933,4,non_neoplastic_epithelial,594,1408,3,2:616
3,1947,1,inflammatory,50,149,14,2:323
3,1947,2,connective_soft_tissue,323,555,14,1:50
3,1980,1,inflammatory,161,399,1,2:165
3,1980,2,connective_soft_tissue,165,313,1,1:161
3,1996,0,neoplastic,153,504,5,2:156
3,1996,2,connective_soft_tissue,156,272,5,0:153
3,2012,1,inflammatory,152,247,2,2:156
3,2012,2,connective_soft_tissue,156,744,2,1:152
3,2013,0,neoplastic,358,391,2,1:347
3,2013,1,inflammatory,347,341,2,0:358
3,2035,1,inflammatory,885,284,2,2:855
3,2035,2,connective_soft_tissue,855,606,2,1:885
3,2036,1,inflammatory,851,278,7,2:832
3,2036,2,connective_soft_tissue,832,326,7,1:851
3,2037,0,neoplastic,1106,1251,8,1:1155
3,2037,0,neoplastic,1119,519,1,1:1115
3,2037,1,inflammatory,1115,225,1,0:1119
3,2037,1,inflammatory,1155,326,8,0:1106
3,2038,1,inflammatory,1050,182,3,2:1031
3,2038,2,connective_soft_tissue,1031,419,3,1:1050
3,2039,0,neoplastic,48,312,2,2:53
3,2039,0,neoplastic,58,209,1,2:63
3,2039,2,connective_soft_tissue,53,330,2,0:48
3,2039,2,connective_soft_tissue,63,692,1,0:58
3,2046,0,neoplastic,172,523,11,2:182
3,2046,2,connective_soft_tissue,182,289,11,0:172
3,2102,1,inflammatory,41,381,2,2:52
3,2102,2,connective_soft_tissue,52,385,2,1:41
3,2116,0,neoplastic,243,625,3,1:241
3,2116,1,inflammatory,241,205,3,0:243
3,2151,0,neoplastic,401,303,21,2:92
3,2151,2,connective_soft_tissue,92,339,21,0:401
3,2152,1,inflammatory,2,339,7,2:9
3,2152,2,connective_soft_tissue,9,342,7,1:2
3,2155,0,neoplastic,356,344,2,2:345
3,2155,2,connective_soft_tissue,345,370,2,0:356
3,2156,1,inflammatory,362,156,2,2:367
3,2156,2,connective_soft_tissue,367,364,2,1:362
3,2182,2,connective_soft_tissue,195,66,1,3:192
3,2182,3,dead,192,39,1,2:195
3,2199,0,neoplastic,62,822,10,1:64
3,2199,1,inflammatory,64,223,10,0:62
3,2202,0,neoplastic,141,387,4,1:136
3,2202,1,inflammatory,136,526,4,0:141
3,2298,0,neoplastic,150,967,1,1:138
3,2298,1,inflammatory,138,553,1,0:150
3,2319,1,inflammatory,70,228,4,2:59
3,2319,2,connective_soft_tissue,59,708,4,1:70
3,2338,0,neoplastic,21,1786,6,2:29
3,2338,2,connective_soft_tissue,29,285,6,0:21
3,2371,0,neoplastic,293,471,9,2:283
3,2371,2,connective_soft_tissue,283,766,9,0:293
3,2376,0,neoplastic,395,339,1,1:380
3,2376,0,neoplastic,403,158,3,1:410
3,2376,1,inflammatory,380,307,1,0:395
3,2376,1,inflammatory,410,150,3,0:403
3,2377,0,neoplastic,334,251,6,1:349
3,2377,0,neoplastic,375,271,1,1:364
3,2377,0,neoplastic,382,363,1,1:363
3,2377,0,neoplastic,411,285,3,1:420
3,2377,0,neoplastic,461,335,3,1:482
3,2377,0,neoplastic,469,687,5,1:459
3,2377,1,inflammatory,349,796,6,0:334
3,2377,1,inflammatory,363,315,1,0:382
3,2377,1,inflammatory,364,230,1,0:375
3,2377,1,inflammatory,420,413,3,0:411
3,2377,1,inflammatory,459,318,5,0:469
3,2377,1,inflammatory,482,271,3,0:461
3,2378,0,neoplastic,549,302,2,1:529
3,2378,0,neoplastic,690,312,1,1:678
3,2378,1,inflammatory,529,407,2,0:549
3,2378,1,inflammatory,678,445,1,0:690
3,2379,0,neoplastic,600,249,7,1:584
3,2379,0,neoplastic,619,444,5,1:638
3,2379,0,neoplastic,620,343,6,1:607
3,2379,0,neoplastic,683,155,4,1:696
3,2379,1,inflammatory,584,237,7,0:600
3,2379,1,inflammatory,607,195,6,0:620
3,2379,1,inflammatory,638,587,5,0:619
3,2379,1,inflammatory,696,461,4,0:683
3,2380,0,neoplastic,586,726,5,1:605
3,2380,0,neoplastic,726,358,2,1:714
3,2380,1,inflammatory,605,707,5,0:586
3,2380,1,inflammatory,714,417,2,0:726
3,2381,0,neoplastic,834,1043,2,1:848
3,2381,0,neoplastic,923,179,4,1:939
3,2381,0,neoplastic,944,383,7,1:947
3,2381,1,inflammatory,848,535,2,0:834
3,2381,1,inflammatory,939,352,4,0:923
3,2381,1,inflammatory,947,846,7,0:944
3,2387,0,neoplastic,677,304,1,2:688
3,2387,2,connective_soft_tissue,688,265,1,0:677
3,2392,1,inflammatory,815,345,1,2:794
3,2392,1,inflammatory,863,347,4,2:853
3,2392,2,connective_soft_tissue,794,399,1,1:815
3,2392,2,connective_soft_tissue,853,422,4,1:863
3,2393,1,inflammatory,865,213,6,2:838
3,2393,2,connective_soft_tissue,838,385,6,1:865
3,2394,1,inflammatory,1150,302,1,2:1167
3,2394,1,inflammatory,1348,352,5,2:1364
3,2394,2,connective_soft_tissue,1167,490,1,1:1150
3,2394,2,connective_soft_tissue,1364,368,5,1:1348
3,2406,0,neoplastic,289,874,8,1:292
3,2406,1,inflammatory,292,566,8,0:289
3,2408,0,neoplastic,418,644,122,1:360
3,2408,1,inflammatory,360,190,122,0:418
3,2419,0,neoplastic,26,392,6,2:19
3,2419,0,neoplastic,129,438,5,3:137
3,2419,2,connective_soft_tissue,19,377,6,0:26
3,2419,3,dead,137,96,5,0:129
3,2422,0,neoplastic,419,571,1,1:420
3,2422,0,neoplastic,433,614,7,1:438
3,2422,1,inflammatory,420,296,1,0:419
3,2422,1,inflammatory,438,331,7,0:433
3,2427,0,neoplastic,231,552,4,1:226
3,2427,1,inflammatory,226,144,4,0:231
3,2430,0,neoplastic,457,612,2,3:466
3,2430,3,dead,466,170,2,0:457
3,2436,0,neoplastic,122,1059,9,2:128
3,2436,2,connective_soft_tissue,128,1079,9,0:122
3,2451,0,neoplastic,302,814,3,3:318
3,2451,3,dead,318,596,3,0:302
3,2454,0,neoplastic,537,1157,4,2:566
3,2454,2,connective_soft_tissue,566,300,4,0:537
3,2474,0,neoplastic,322,208,1,1:323
3,2474,1,inflammatory,323,358,1,0:322
3,2474,1,inflammatory,461,338,8,2:436
3,2474,2,connective_soft_tissue,436,546,8,1:461
3,2475,0,neoplastic,729,790,3,1:747
3,2475,1,inflammatory,563,341,3,2:575
3,2475,1,inflammatory,747,49,3,0:729
3,2475,2,connective_soft_tissue,575,191,3,1:563
3,2487,1,inflammatory,196,258,13,4:224
3,2487,4,non_neoplastic_epithelial,224,538,13,1:196
3,2500,2,connective_soft_tissue,388,280,9,4:96
3,2500,4,non_neoplastic_epithelial,96,290,9,2:388
3,2506,1,inflammatory,87,419,5,2:99
3,2506,2,connective_soft_tissue,99,514,5,1:87
3,2509,1,inflammatory,385,330,6,4:379
3,2509,4,non_neoplastic_epithelial,379,556,6,1:385
3,2510,0,neoplastic,42,572,3,1:53
3,2510,1,inflammatory,53,161,3,0:42
3,2515,0,neoplastic,457,377,1,2:447
3,2515,2,connective_soft_tissue,447,373,1,0:457
3,2516,0,neoplastic,461,500,3,2:443
3,2516,2,connective_soft_tissue,443,580,3,0:461
3,2531,1,inflammatory,160,608,4,2:156
3,2531,2,connective_soft_tissue,156,933,4,1:160
3,2539,0,neoplastic,102,178,2,2:103
3,2539,2,connective_soft_tissue,103,322,2,0:102
3,2565,1,inflammatory,348,236,3,2:345
3,2565,2,connective_soft_tissue,345,507,3,1:348
3,2566,1,inflammatory,83,141,2,2:78
3,2566,2,connective_soft_tissue,78,434,2,1:83
3,2574,1,inflammatory,348,281,2,2:357
3,2574,2,connective_soft_tissue,357,257,2,1:348
3,2584,0,neoplastic,88,279,2,2:82
3,2584,2,connective_soft_tissue,82,346,2,0:88
3,2590,0,neoplastic,273,267,2,2:260
3,2590,2,connective_soft_tissue,260,55,2,0:273
3,2593,0,neoplastic,415,319,2,2:419
3,2593,0,neoplastic,420,303,1,2:416
3,2593,2,connective_soft_tissue,416,408,1,0:420
3,2593,2,connective_soft_tissue,419,547,2,0:415
3,2601,2,connective_soft_tissue,247,532,2,3:245
3,2601,3,dead,245,528,2,2:247
3,2606,1,inflammatory,312,484,6,2:314
3,2606,2,connective_soft_tissue,314,464,6,1:312
3,2607,0,neoplastic,221,372,1,2:244
3,2607,2,connective_soft_tissue,244,111,1,0:221
3,2608,0,neoplastic,180,441,3,1:159
3,2608,1,inflammatory,159,310,3,0:180
3,2616,0,neoplastic,966,381,8,2:976
3,2616,0,neoplastic,996,375,1,2:1025
3,2616,2,connective_soft_tissue,976,385,8,0:966
3,2616,2,connective_soft_tissue,1025,351,1,0:996
3,2630,0,neoplastic,360,515,7,1:372
3,2630,0,neoplastic,380,522,1,1:372
3,2630,1,inflammatory,372,750,8,0:360;0:380
